Drug,mutation,phenotype,Coll2014,count
Amikacin,eis_p.Trp36Arg,0,4.1.1.1,3
Amikacin,eis_p.Trp36Arg,1,4.1.1.1,7
Bedaquiline,Rv0678_p.Leu142Arg,0,2.2.1,1
Bedaquiline,Rv0678_p.Leu142Arg,1,2.2.1,6
Bedaquiline,Rv0678_p.Leu142Arg,0,2.2.1.1,1
Bedaquiline,Rv0678_p.Leu142Arg,1,3,1
Clofazimine,Rv1979c_p.Arg409Gln,0,2.2.2,139
Clofazimine,Rv1979c_p.Arg409Gln,1,2.2.2,83
Ethambutol,embA_c.-11C>A,1,1.1.2,1
Ethambutol,embA_c.-11C>A,1,2.1,2
Ethambutol,embA_c.-11C>A,0,2.2.1,14
Ethambutol,embA_c.-11C>A,1,2.2.1,80
Ethambutol,embA_c.-11C>A,0,2.2.1.1,1
Ethambutol,embA_c.-11C>A,1,2.2.1.1,4
Ethambutol,embA_c.-11C>A,0,3,7
Ethambutol,embA_c.-11C>A,1,3,4
Ethambutol,embA_c.-11C>A,0,3.1.2.1,1
Ethambutol,embA_c.-11C>A,1,4,1
Ethambutol,embA_c.-11C>A,1,4.1.1,2
Ethambutol,embA_c.-11C>A,1,4.1.1.1,7
Ethambutol,embA_c.-11C>A,1,4.1.1.2,1
Ethambutol,embA_c.-11C>A,0,4.1.2,1
Ethambutol,embA_c.-11C>A,0,4.1.2.1,1
Ethambutol,embA_c.-11C>A,1,4.1.2.1,14
Ethambutol,embA_c.-11C>A,1,4.2.1,2
Ethambutol,embA_c.-11C>A,0,4.2.2,1
Ethambutol,embA_c.-11C>A,1,4.2.2,1
Ethambutol,embA_c.-11C>A,0,4.3.2,1
Ethambutol,embA_c.-11C>A,1,4.3.4.1,1
Ethambutol,embA_c.-11C>A,1,4.3.4.2,2
Ethambutol,embA_c.-11C>A,0,4.3.4.2.1,2
Ethambutol,embA_c.-11C>A,1,4.6.1.2,1
Ethambutol,embA_c.-11C>A,1,4.6.2.2,1
Ethambutol,embA_c.-11C>A,0,4.7,1
Ethambutol,embA_c.-11C>A,0,4.8,1
Ethambutol,embA_c.-11C>A,1,4.8,2
Ethambutol,embA_c.-11C>A,1,5,1
Ethambutol,embA_c.-11C>T,1,1.1.3,1
Ethambutol,embA_c.-11C>T,1,1.2.2,1
Ethambutol,embA_c.-11C>T,0,2.2.1,4
Ethambutol,embA_c.-11C>T,1,2.2.1,25
Ethambutol,embA_c.-11C>T,1,3,1
Ethambutol,embA_c.-11C>T,1,4.1,1
Ethambutol,embA_c.-11C>T,1,4.1.2.1,1
Ethambutol,embA_c.-11C>T,1,4.2.1,2
Ethambutol,embA_c.-11C>T,0,4.2.2,3
Ethambutol,embA_c.-11C>T,0,4.3.3,1
Ethambutol,embA_c.-11C>T,1,4.3.3,2
Ethambutol,embA_c.-11C>T,1,4.3.4.1,1
Ethambutol,embA_c.-11C>T,0,4.3.4.2,4
Ethambutol,embA_c.-11C>T,1,4.3.4.2,3
Ethambutol,embA_c.-11C>T,1,4.4.1.1,1
Ethambutol,embA_c.-11C>T,0,4.5,1
Ethambutol,embA_c.-11C>T,1,4.6.1.2,1
Ethambutol,embA_c.-12C>T,1,1.1.3,3
Ethambutol,embA_c.-12C>T,1,1.2.2,1
Ethambutol,embA_c.-12C>T,0,2.1,1
Ethambutol,embA_c.-12C>T,1,2.1,2
Ethambutol,embA_c.-12C>T,0,2.2.1,90
Ethambutol,embA_c.-12C>T,1,2.2.1,277
Ethambutol,embA_c.-12C>T,0,2.2.1.1,1
Ethambutol,embA_c.-12C>T,1,2.2.1.1,9
Ethambutol,embA_c.-12C>T,1,2.2.2,3
Ethambutol,embA_c.-12C>T,0,3,12
Ethambutol,embA_c.-12C>T,1,3,20
Ethambutol,embA_c.-12C>T,0,3.1.1,2
Ethambutol,embA_c.-12C>T,1,3.1.1,5
Ethambutol,embA_c.-12C>T,0,3.1.2.1,2
Ethambutol,embA_c.-12C>T,0,4,3
Ethambutol,embA_c.-12C>T,1,4,2
Ethambutol,embA_c.-12C>T,1,4.1,1
Ethambutol,embA_c.-12C>T,1,4.1.1,1
Ethambutol,embA_c.-12C>T,0,4.1.1.1,1
Ethambutol,embA_c.-12C>T,1,4.1.1.1,1
Ethambutol,embA_c.-12C>T,0,4.1.1.3,1
Ethambutol,embA_c.-12C>T,1,4.1.1.3,2
Ethambutol,embA_c.-12C>T,0,4.1.2.1,13
Ethambutol,embA_c.-12C>T,1,4.1.2.1,36
Ethambutol,embA_c.-12C>T,0,4.2.1,4
Ethambutol,embA_c.-12C>T,1,4.2.1,1
Ethambutol,embA_c.-12C>T,0,4.2.2,1
Ethambutol,embA_c.-12C>T,1,4.2.2,2
Ethambutol,embA_c.-12C>T,0,4.3.1,6
Ethambutol,embA_c.-12C>T,0,4.3.2.1,3
Ethambutol,embA_c.-12C>T,0,4.3.3,24
Ethambutol,embA_c.-12C>T,1,4.3.3,211
Ethambutol,embA_c.-12C>T,1,4.3.4.1,1
Ethambutol,embA_c.-12C>T,0,4.3.4.2,2
Ethambutol,embA_c.-12C>T,1,4.3.4.2,28
Ethambutol,embA_c.-12C>T,1,4.3.4.2.1,2
Ethambutol,embA_c.-12C>T,0,4.4.1.1,1
Ethambutol,embA_c.-12C>T,0,4.4.2,1
Ethambutol,embA_c.-12C>T,1,4.4.2,1
Ethambutol,embA_c.-12C>T,1,4.6,11
Ethambutol,embA_c.-12C>T,0,4.6.2,1
Ethambutol,embA_c.-12C>T,0,4.6.2.1,1
Ethambutol,embA_c.-12C>T,1,4.6.2.2,1
Ethambutol,embA_c.-12C>T,0,4.7,9
Ethambutol,embA_c.-12C>T,1,4.7,11
Ethambutol,embA_c.-12C>T,0,4.8,2
Ethambutol,embA_c.-12C>T,1,4.8,1
Ethambutol,embA_c.-12C>T,0,4.9,2
Ethambutol,embA_c.-12C>T,1,4.9,4
Ethambutol,embA_c.-12C>T,1,5,1
Ethambutol,embA_c.-15C>G,0,1.1.2,1
Ethambutol,embA_c.-15C>G,1,1.2.2,2
Ethambutol,embA_c.-15C>G,0,2.2.1,5
Ethambutol,embA_c.-15C>G,1,2.2.1,3
Ethambutol,embA_c.-15C>G,1,2.2.1.1,2
Ethambutol,embA_c.-15C>G,1,2.2.2,2
Ethambutol,embA_c.-15C>G,0,3,3
Ethambutol,embA_c.-15C>G,1,3,1
Ethambutol,embA_c.-15C>G,1,4,2
Ethambutol,embA_c.-15C>G,0,4.1.1.1,1
Ethambutol,embA_c.-15C>G,1,4.1.1.1,1
Ethambutol,embA_c.-15C>G,0,4.1.1.3,4
Ethambutol,embA_c.-15C>G,1,4.1.2.1,2
Ethambutol,embA_c.-15C>G,1,4.2.1,5
Ethambutol,embA_c.-15C>G,1,4.2.2.1,7
Ethambutol,embA_c.-15C>G,1,4.3.3,1
Ethambutol,embA_c.-15C>G,1,4.3.4.1,2
Ethambutol,embA_c.-15C>G,1,4.4.1.1,1
Ethambutol,embA_c.-15C>G,1,4.6.1.2,1
Ethambutol,embA_c.-15C>G,1,5,1
Ethambutol,embA_c.-16C>A,0,1.2.1,1
Ethambutol,embA_c.-16C>A,0,2.2.1,14
Ethambutol,embA_c.-16C>A,1,2.2.1,35
Ethambutol,embA_c.-16C>A,1,2.2.1.1,1
Ethambutol,embA_c.-16C>A,0,3,4
Ethambutol,embA_c.-16C>A,1,3,7
Ethambutol,embA_c.-16C>A,1,3.1.2,1
Ethambutol,embA_c.-16C>A,1,3.1.2.1,1
Ethambutol,embA_c.-16C>A,0,4,1
Ethambutol,embA_c.-16C>A,1,4.1.1,1
Ethambutol,embA_c.-16C>A,1,4.1.1.3,2
Ethambutol,embA_c.-16C>A,0,4.1.2.1,4
Ethambutol,embA_c.-16C>A,1,4.1.2.1,2
Ethambutol,embA_c.-16C>A,1,4.2.1,1
Ethambutol,embA_c.-16C>A,1,4.2.2,2
Ethambutol,embA_c.-16C>A,1,4.2.2.1,1
Ethambutol,embA_c.-16C>A,1,4.3.2.1,1
Ethambutol,embA_c.-16C>A,0,4.3.3,6
Ethambutol,embA_c.-16C>A,1,4.3.3,37
Ethambutol,embA_c.-16C>A,1,4.3.4.1,2
Ethambutol,embA_c.-16C>A,0,4.3.4.2,2
Ethambutol,embA_c.-16C>A,1,4.4.1.1,1
Ethambutol,embA_c.-16C>A,0,4.4.2,1
Ethambutol,embA_c.-16C>A,1,4.6.1.2,6
Ethambutol,embA_c.-16C>A,1,4.6.2.2,1
Ethambutol,embA_c.-16C>A,0,4.8,5
Ethambutol,embA_c.-16C>A,1,4.8,2
Ethambutol,embA_c.-16C>G,1,1.1.1,1
Ethambutol,embA_c.-16C>G,1,1.2.2,1
Ethambutol,embA_c.-16C>G,0,2.2.1,15
Ethambutol,embA_c.-16C>G,1,2.2.1,20
Ethambutol,embA_c.-16C>G,1,2.2.1.1,1
Ethambutol,embA_c.-16C>G,0,2.2.2,10
Ethambutol,embA_c.-16C>G,1,2.2.2,5
Ethambutol,embA_c.-16C>G,0,3,4
Ethambutol,embA_c.-16C>G,1,3.1.2,1
Ethambutol,embA_c.-16C>G,1,4,1
Ethambutol,embA_c.-16C>G,1,4.1,1
Ethambutol,embA_c.-16C>G,0,4.1.1.3,3
Ethambutol,embA_c.-16C>G,1,4.1.1.3,54
Ethambutol,embA_c.-16C>G,0,4.1.2.1,5
Ethambutol,embA_c.-16C>G,1,4.1.2.1,37
Ethambutol,embA_c.-16C>G,1,4.2.1,1
Ethambutol,embA_c.-16C>G,1,4.2.2.1,1
Ethambutol,embA_c.-16C>G,0,4.3.3,3
Ethambutol,embA_c.-16C>G,1,4.3.3,3
Ethambutol,embA_c.-16C>G,1,4.3.4.1,1
Ethambutol,embA_c.-16C>G,0,4.3.4.2,7
Ethambutol,embA_c.-16C>G,1,4.3.4.2,5
Ethambutol,embA_c.-16C>G,0,4.4.1.1,1
Ethambutol,embA_c.-16C>G,1,4.4.1.1,1
Ethambutol,embA_c.-16C>G,0,4.4.2,2
Ethambutol,embA_c.-16C>G,0,4.6.2.2,1
Ethambutol,embA_c.-16C>G,1,4.8,4
Ethambutol,embA_c.-16C>T,1,1.1.2,1
Ethambutol,embA_c.-16C>T,0,1.2.2,3
Ethambutol,embA_c.-16C>T,1,1.2.2,4
Ethambutol,embA_c.-16C>T,0,2.1,1
Ethambutol,embA_c.-16C>T,1,2.1,2
Ethambutol,embA_c.-16C>T,0,2.2.1,91
Ethambutol,embA_c.-16C>T,1,2.2.1,152
Ethambutol,embA_c.-16C>T,0,2.2.1.1,1
Ethambutol,embA_c.-16C>T,1,2.2.2,4
Ethambutol,embA_c.-16C>T,0,3,10
Ethambutol,embA_c.-16C>T,1,3,14
Ethambutol,embA_c.-16C>T,1,3.1.2,9
Ethambutol,embA_c.-16C>T,1,4,4
Ethambutol,embA_c.-16C>T,1,4.1.1,1
Ethambutol,embA_c.-16C>T,0,4.1.1.1,1
Ethambutol,embA_c.-16C>T,1,4.1.1.1,4
Ethambutol,embA_c.-16C>T,1,4.1.1.3,1
Ethambutol,embA_c.-16C>T,0,4.1.2,1
Ethambutol,embA_c.-16C>T,1,4.1.2,3
Ethambutol,embA_c.-16C>T,0,4.1.2.1,2
Ethambutol,embA_c.-16C>T,1,4.1.2.1,7
Ethambutol,embA_c.-16C>T,0,4.2.1,9
Ethambutol,embA_c.-16C>T,1,4.2.1,54
Ethambutol,embA_c.-16C>T,1,4.2.2,11
Ethambutol,embA_c.-16C>T,1,4.2.2.1,1
Ethambutol,embA_c.-16C>T,0,4.3.2,3
Ethambutol,embA_c.-16C>T,1,4.3.3,6
Ethambutol,embA_c.-16C>T,0,4.3.4,1
Ethambutol,embA_c.-16C>T,0,4.3.4.1,1
Ethambutol,embA_c.-16C>T,1,4.3.4.1,2
Ethambutol,embA_c.-16C>T,1,4.3.4.2,7
Ethambutol,embA_c.-16C>T,0,4.3.4.2.1,1
Ethambutol,embA_c.-16C>T,1,4.4.1,1
Ethambutol,embA_c.-16C>T,1,4.6.1.2,1
Ethambutol,embA_c.-16C>T,1,4.8,10
Ethambutol,embA_c.-16C>T,0,5,1
Ethambutol,embA_c.-43G>C,1,1.1.2,3
Ethambutol,embA_c.-43G>C,1,1.2.2,1
Ethambutol,embA_c.-43G>C,0,2.2.1,15
Ethambutol,embA_c.-43G>C,1,2.2.1,32
Ethambutol,embA_c.-43G>C,0,2.2.1.1,1
Ethambutol,embA_c.-43G>C,1,2.2.1.1,10
Ethambutol,embA_c.-43G>C,0,3,9
Ethambutol,embA_c.-43G>C,1,3,6
Ethambutol,embA_c.-43G>C,1,3.1.2,1
Ethambutol,embA_c.-43G>C,0,3.1.2.1,1
Ethambutol,embA_c.-43G>C,0,4.1.1.1,1
Ethambutol,embA_c.-43G>C,0,4.1.1.3,1
Ethambutol,embA_c.-43G>C,1,4.1.1.3,5
Ethambutol,embA_c.-43G>C,0,4.1.2.1,4
Ethambutol,embA_c.-43G>C,1,4.1.2.1,3
Ethambutol,embA_c.-43G>C,0,4.2.1,1
Ethambutol,embA_c.-43G>C,1,4.2.1,6
Ethambutol,embA_c.-43G>C,1,4.2.2,6
Ethambutol,embA_c.-43G>C,1,4.3.4.1,2
Ethambutol,embA_c.-43G>C,0,4.3.4.2,2
Ethambutol,embA_c.-43G>C,1,4.3.4.2,18
Ethambutol,embA_c.-43G>C,0,4.4.1.1,7
Ethambutol,embA_c.-43G>C,1,4.4.1.1,24
Ethambutol,embA_c.-43G>C,1,4.6,1
Ethambutol,embA_c.-43G>C,1,4.6.1.2,4
Ethambutol,embA_c.-43G>C,1,4.6.2.2,1
Ethambutol,embA_c.-43G>C,0,4.7,1
Ethambutol,embA_c.-43G>C,1,4.7,1
Ethambutol,embA_c.-43G>C,0,4.8,3
Ethambutol,embA_c.-5G>T,1,2.1,1
Ethambutol,embA_c.-5G>T,1,2.2.1,3
Ethambutol,embA_c.-5G>T,0,4.1.2.1,5
Ethambutol,embA_c.-5G>T,1,4.1.2.1,6
Ethambutol,embA_c.-8C>A,1,1.1.3,1
Ethambutol,embA_c.-8C>A,0,2.2.1,38
Ethambutol,embA_c.-8C>A,1,2.2.1,18
Ethambutol,embA_c.-8C>A,0,3,1
Ethambutol,embA_c.-8C>A,1,3,4
Ethambutol,embA_c.-8C>A,0,4.1,1
Ethambutol,embA_c.-8C>A,0,4.1.2.1,2
Ethambutol,embA_c.-8C>A,0,4.2.1,2
Ethambutol,embA_c.-8C>A,1,4.2.1,3
Ethambutol,embA_c.-8C>A,0,4.3.4.1,1
Ethambutol,embA_c.-8C>A,1,4.3.4.2,2
Ethambutol,embA_c.-8C>A,1,4.5,1
Ethambutol,embA_c.-8C>A,1,4.6.1.2,1
Ethambutol,embA_c.-8C>A,1,5,1
Ethambutol,embA_c.-8C>T,0,1.2.2,1
Ethambutol,embA_c.-8C>T,0,2.2.1,4
Ethambutol,embA_c.-8C>T,1,2.2.1,11
Ethambutol,embA_c.-8C>T,1,2.2.1.2,2
Ethambutol,embA_c.-8C>T,1,2.2.2,2
Ethambutol,embA_c.-8C>T,0,3,4
Ethambutol,embA_c.-8C>T,1,3,2
Ethambutol,embA_c.-8C>T,1,3.1.1,1
Ethambutol,embA_c.-8C>T,0,3.1.2.1,1
Ethambutol,embA_c.-8C>T,1,4.1.1,2
Ethambutol,embA_c.-8C>T,1,4.1.1.3,1
Ethambutol,embA_c.-8C>T,1,4.1.2.1,7
Ethambutol,embA_c.-8C>T,0,4.2.1,3
Ethambutol,embA_c.-8C>T,1,4.2.1,3
Ethambutol,embA_c.-8C>T,1,4.2.2.1,18
Ethambutol,embA_c.-8C>T,1,4.3.2,1
Ethambutol,embA_c.-8C>T,0,4.3.3,3
Ethambutol,embA_c.-8C>T,1,4.3.4.2.1,1
Ethambutol,embA_c.-8C>T,1,5,2
Ethambutol,embA_p.Thr608Asn,0,4.6.1.2,39
Ethambutol,embA_p.Thr608Asn,1,4.6.1.2,76
Ethambutol,embB_p.Asn296His,0,2.2.1,45
Ethambutol,embB_p.Asn296His,1,2.2.1,40
Ethambutol,embB_p.Asn399Thr,1,1.1.2,1
Ethambutol,embB_p.Asn399Thr,0,2.2.1,1
Ethambutol,embB_p.Asn399Thr,1,2.2.1,2
Ethambutol,embB_p.Asn399Thr,1,2.2.1.1,1
Ethambutol,embB_p.Asn399Thr,1,2.2.2,1
Ethambutol,embB_p.Asn399Thr,0,4.3.3,1
Ethambutol,embB_p.Asp1024Asn,1,1.1.2,1
Ethambutol,embB_p.Asp1024Asn,0,1.2.2,1
Ethambutol,embB_p.Asp1024Asn,1,1.2.2,1
Ethambutol,embB_p.Asp1024Asn,0,2.2.1,19
Ethambutol,embB_p.Asp1024Asn,1,2.2.1,31
Ethambutol,embB_p.Asp1024Asn,1,2.2.1.1,1
Ethambutol,embB_p.Asp1024Asn,1,2.2.1.2,1
Ethambutol,embB_p.Asp1024Asn,0,2.2.2,2
Ethambutol,embB_p.Asp1024Asn,1,2.2.2,4
Ethambutol,embB_p.Asp1024Asn,0,3,16
Ethambutol,embB_p.Asp1024Asn,1,3,25
Ethambutol,embB_p.Asp1024Asn,0,3.1.1,5
Ethambutol,embB_p.Asp1024Asn,1,3.1.1,4
Ethambutol,embB_p.Asp1024Asn,0,3.1.2,4
Ethambutol,embB_p.Asp1024Asn,0,3.1.2.1,3
Ethambutol,embB_p.Asp1024Asn,0,4.1.1.1,2
Ethambutol,embB_p.Asp1024Asn,1,4.1.1.1,4
Ethambutol,embB_p.Asp1024Asn,0,4.1.1.3,1
Ethambutol,embB_p.Asp1024Asn,1,4.1.1.3,4
Ethambutol,embB_p.Asp1024Asn,1,4.1.2,1
Ethambutol,embB_p.Asp1024Asn,0,4.1.2.1,5
Ethambutol,embB_p.Asp1024Asn,1,4.1.2.1,21
Ethambutol,embB_p.Asp1024Asn,0,4.2.1,19
Ethambutol,embB_p.Asp1024Asn,1,4.2.1,14
Ethambutol,embB_p.Asp1024Asn,0,4.2.2,2
Ethambutol,embB_p.Asp1024Asn,1,4.2.2,2
Ethambutol,embB_p.Asp1024Asn,1,4.2.2.1,2
Ethambutol,embB_p.Asp1024Asn,1,4.3.1,1
Ethambutol,embB_p.Asp1024Asn,1,4.3.2,1
Ethambutol,embB_p.Asp1024Asn,1,4.3.2.1,1
Ethambutol,embB_p.Asp1024Asn,0,4.3.3,19
Ethambutol,embB_p.Asp1024Asn,1,4.3.3,26
Ethambutol,embB_p.Asp1024Asn,0,4.3.4.1,1
Ethambutol,embB_p.Asp1024Asn,1,4.3.4.1,2
Ethambutol,embB_p.Asp1024Asn,0,4.3.4.2,2
Ethambutol,embB_p.Asp1024Asn,1,4.3.4.2,5
Ethambutol,embB_p.Asp1024Asn,0,4.3.4.2.1,1
Ethambutol,embB_p.Asp1024Asn,0,4.4.1,1
Ethambutol,embB_p.Asp1024Asn,1,4.4.1.1,1
Ethambutol,embB_p.Asp1024Asn,0,4.4.2,1
Ethambutol,embB_p.Asp1024Asn,1,4.4.2,1
Ethambutol,embB_p.Asp1024Asn,0,4.5,1
Ethambutol,embB_p.Asp1024Asn,1,4.5,2
Ethambutol,embB_p.Asp1024Asn,0,4.6,1
Ethambutol,embB_p.Asp1024Asn,0,4.6.2.1,2
Ethambutol,embB_p.Asp1024Asn,0,4.6.2.2,1
Ethambutol,embB_p.Asp1024Asn,1,4.6.2.2,2
Ethambutol,embB_p.Asp1024Asn,1,4.7,1
Ethambutol,embB_p.Asp1024Asn,0,4.8,9
Ethambutol,embB_p.Asp1024Asn,1,4.8,18
Ethambutol,embB_p.Asp1024Asn,0,4.9,1
Ethambutol,embB_p.Asp1024Asn,1,4.9,2
Ethambutol,embB_p.Asp1024Asn,1,5,1
Ethambutol,embB_p.Asp328Gly,0,1.1.2,2
Ethambutol,embB_p.Asp328Gly,1,1.1.2,7
Ethambutol,embB_p.Asp328Gly,0,2.2.1,9
Ethambutol,embB_p.Asp328Gly,1,2.2.1,25
Ethambutol,embB_p.Asp328Gly,0,3,4
Ethambutol,embB_p.Asp328Gly,1,3,4
Ethambutol,embB_p.Asp328Gly,1,3.1.2,2
Ethambutol,embB_p.Asp328Gly,1,4.1.1.1,2
Ethambutol,embB_p.Asp328Gly,1,4.2.1,1
Ethambutol,embB_p.Asp328Gly,0,4.2.2,1
Ethambutol,embB_p.Asp328Gly,0,4.3.3,2
Ethambutol,embB_p.Asp328Gly,1,4.3.3,6
Ethambutol,embB_p.Gln445Arg,1,1.1.3,1
Ethambutol,embB_p.Gln445Arg,0,2.2.1,2
Ethambutol,embB_p.Gln445Arg,1,2.2.1,74
Ethambutol,embB_p.Gln445Arg,1,2.2.1.1,3
Ethambutol,embB_p.Gln445Arg,1,3.1.2,1
Ethambutol,embB_p.Gln445Arg,1,4.3.3,2
Ethambutol,embB_p.Gln445Arg,1,4.3.4.1,2
Ethambutol,embB_p.Gln445Arg,1,4.3.4.2.1,1
Ethambutol,embB_p.Gln445Arg,1,BOV_AFRI,1
Ethambutol,embB_p.Gln497His,1,2.1,1
Ethambutol,embB_p.Gln497His,0,2.2.1,1
Ethambutol,embB_p.Gln497His,1,2.2.1,7
Ethambutol,embB_p.Gln497His,1,2.2.2,1
Ethambutol,embB_p.Gln497His,1,3,2
Ethambutol,embB_p.Gln497His,1,4.1.1.3,1
Ethambutol,embB_p.Gln497His,1,4.1.2,1
Ethambutol,embB_p.Gln497His,0,4.1.2.1,3
Ethambutol,embB_p.Gln497His,0,4.2.1,3
Ethambutol,embB_p.Gln497His,1,4.2.1,5
Ethambutol,embB_p.Gln497His,1,4.3.4.2,3
Ethambutol,embB_p.Gln497His,0,4.4.2,1
Ethambutol,embB_p.Gln497His,1,4.6.1.2,4
Ethambutol,embB_p.Gln497His,1,4.8,3
Ethambutol,embB_p.Gln497Pro,1,1.1.2,1
Ethambutol,embB_p.Gln497Pro,0,1.2.1,1
Ethambutol,embB_p.Gln497Pro,1,1.2.1,1
Ethambutol,embB_p.Gln497Pro,1,1.2.2,1
Ethambutol,embB_p.Gln497Pro,0,2.2.1,11
Ethambutol,embB_p.Gln497Pro,1,2.2.1,17
Ethambutol,embB_p.Gln497Pro,0,2.2.1.1,2
Ethambutol,embB_p.Gln497Pro,1,2.2.1.1,2
Ethambutol,embB_p.Gln497Pro,0,3,6
Ethambutol,embB_p.Gln497Pro,1,3,3
Ethambutol,embB_p.Gln497Pro,0,3.1.2,1
Ethambutol,embB_p.Gln497Pro,1,4,1
Ethambutol,embB_p.Gln497Pro,1,4.1,1
Ethambutol,embB_p.Gln497Pro,1,4.1.1,1
Ethambutol,embB_p.Gln497Pro,1,4.1.2.1,1
Ethambutol,embB_p.Gln497Pro,0,4.2.1,1
Ethambutol,embB_p.Gln497Pro,1,4.2.1,3
Ethambutol,embB_p.Gln497Pro,0,4.2.2,1
Ethambutol,embB_p.Gln497Pro,0,4.3.4.2,3
Ethambutol,embB_p.Gln497Pro,1,4.3.4.2,2
Ethambutol,embB_p.Gln497Pro,1,4.4.1.1,1
Ethambutol,embB_p.Gln497Pro,1,4.7,1
Ethambutol,embB_p.Gln497Pro,0,4.8,2
Ethambutol,embB_p.Gln497Pro,1,4.8,3
Ethambutol,embB_p.Glu405Asp,0,1.1.2,1
Ethambutol,embB_p.Glu405Asp,1,1.1.2,1
Ethambutol,embB_p.Glu405Asp,0,2.2.1,4
Ethambutol,embB_p.Glu405Asp,1,2.2.1,6
Ethambutol,embB_p.Glu405Asp,1,3,2
Ethambutol,embB_p.Glu405Asp,1,4.1.2,1
Ethambutol,embB_p.Glu405Asp,0,4.1.2.1,4
Ethambutol,embB_p.Glu405Asp,1,4.1.2.1,38
Ethambutol,embB_p.Glu405Asp,1,4.9,1
Ethambutol,embB_p.Glu504Asp,1,1.1.3,1
Ethambutol,embB_p.Glu504Asp,0,2.2.1,2
Ethambutol,embB_p.Glu504Asp,1,2.2.1,1
Ethambutol,embB_p.Glu504Asp,0,3,3
Ethambutol,embB_p.Glu504Asp,1,3,1
Ethambutol,embB_p.Glu504Asp,0,4.1.2.1,8
Ethambutol,embB_p.Glu504Asp,1,4.1.2.1,12
Ethambutol,embB_p.Glu504Asp,0,4.3.3,1
Ethambutol,embB_p.Glu504Asp,1,4.3.3,3
Ethambutol,embB_p.Glu504Asp,1,4.8,1
Ethambutol,embB_p.His1002Arg,0,1.1.3,1
Ethambutol,embB_p.His1002Arg,0,2.2.1,7
Ethambutol,embB_p.His1002Arg,1,2.2.1,12
Ethambutol,embB_p.His1002Arg,0,2.2.1.2,1
Ethambutol,embB_p.His1002Arg,0,3,6
Ethambutol,embB_p.His1002Arg,1,3,2
Ethambutol,embB_p.His1002Arg,0,3.1.1,1
Ethambutol,embB_p.His1002Arg,1,4.1.2.1,4
Ethambutol,embB_p.His1002Arg,0,4.2.1,1
Ethambutol,embB_p.His1002Arg,1,4.2.1,4
Ethambutol,embB_p.His1002Arg,0,4.2.2,5
Ethambutol,embB_p.His1002Arg,0,4.3.3,2
Ethambutol,embB_p.His1002Arg,1,4.3.3,2
Ethambutol,embB_p.His1002Arg,1,4.6.1.2,3
Ethambutol,embB_p.His1002Arg,0,4.7,1
Ethambutol,embB_p.His1002Arg,0,4.8,9
Ethambutol,embB_p.His1002Arg,1,4.8,4
Ethambutol,embB_p.Leu402Val,0,1.1.1.1,2
Ethambutol,embB_p.Leu402Val,1,1.1.1.1,1
Ethambutol,embB_p.Leu402Val,1,1.1.2,1
Ethambutol,embB_p.Leu402Val,0,2.2.1,9
Ethambutol,embB_p.Leu402Val,1,2.2.1,20
Ethambutol,embB_p.Leu402Val,0,3,1
Ethambutol,embB_p.Leu402Val,0,4.1.2.1,2
Ethambutol,embB_p.Leu402Val,0,4.3.2,1
Ethambutol,embB_p.Leu402Val,0,4.3.3,2
Ethambutol,embB_p.Leu402Val,1,4.3.3,1
Ethambutol,embB_p.Leu402Val,0,4.3.4.1,1
Ethambutol,embB_p.Leu402Val,1,4.3.4.1,1
Ethambutol,embB_p.Leu402Val,0,4.4.1.1,2
Ethambutol,embB_p.Leu402Val,1,4.4.1.1,3
Ethambutol,embB_p.Leu402Val,0,4.6.2.2,4
Ethambutol,embB_p.Leu74Arg,1,1.1.2,1
Ethambutol,embB_p.Leu74Arg,0,2.2.1,7
Ethambutol,embB_p.Leu74Arg,1,2.2.1,20
Ethambutol,embB_p.Leu74Arg,0,4.1.2.1,1
Ethambutol,embB_p.Met1000Arg,0,1.1.3,1
Ethambutol,embB_p.Met1000Arg,0,1.2.2,1
Ethambutol,embB_p.Met1000Arg,1,1.2.2,2
Ethambutol,embB_p.Met1000Arg,1,2.2.1,2
Ethambutol,embB_p.Met1000Arg,1,4.1.2.1,1
Ethambutol,embB_p.Met1000Arg,1,4.3.3,2
Ethambutol,embB_p.Met1000Arg,1,4.4.1.1,1
Ethambutol,embB_p.Met1000Arg,1,4.6.1.2,1
Ethambutol,embB_p.Phe330Ser,0,1.2.2,1
Ethambutol,embB_p.Phe330Ser,0,2.2.1,1
Ethambutol,embB_p.Phe330Ser,1,2.2.1,2
Ethambutol,embB_p.Phe330Ser,1,4.1.2.1,3
Ethambutol,embB_p.Pro404Ser,0,1.1.1,1
Ethambutol,embB_p.Pro404Ser,0,1.2.1,1
Ethambutol,embB_p.Pro404Ser,0,1.2.2,1
Ethambutol,embB_p.Pro404Ser,0,2.2.1,1
Ethambutol,embB_p.Pro404Ser,1,2.2.1,3
Ethambutol,embB_p.Pro404Ser,0,4.3.3,1
Ethambutol,embB_p.Pro404Ser,1,4.3.3,1
Ethambutol,embB_p.Pro404Ser,0,4.8,1
Ethambutol,embB_p.Pro404Ser,1,4.8,2
Ethambutol,embB_p.Pro404Ser,1,4.9,1
Ethambutol,embB_p.Ser297Ala,0,1.1.2,1
Ethambutol,embB_p.Ser297Ala,0,2.2.1,2
Ethambutol,embB_p.Ser297Ala,0,4.1.2.1,2
Ethambutol,embB_p.Ser297Ala,1,4.1.2.1,8
Ethambutol,embB_p.Ser297Ala,0,4.2.1,171
Ethambutol,embB_p.Ser297Ala,1,4.2.1,157
Ethambutol,embB_p.Ser297Ala,0,4.3.4.2.1,1
Ethambutol,embB_p.Ser297Ala,0,4.8,3
Ethambutol,embB_p.Ser297Ala,1,4.8,1
Ethambutol,embB_p.Ser347Ile,0,1.1.2,1
Ethambutol,embB_p.Ser347Ile,0,2.2.1,3
Ethambutol,embB_p.Ser347Ile,1,2.2.1,11
Ethambutol,embB_p.Ser347Ile,0,3,1
Ethambutol,embB_p.Ser347Ile,1,3,2
Ethambutol,embB_p.Ser347Ile,0,4.1,1
Ethambutol,embB_p.Ser347Ile,0,4.2.1,1
Ethambutol,embB_p.Ser347Ile,1,4.3.4.1,1
Ethambutol,embB_p.Ser347Thr,1,2.2.1,4
Ethambutol,embB_p.Ser347Thr,0,3,1
Ethambutol,embB_p.Ser347Thr,1,3,2
Ethambutol,embB_p.Ser347Thr,0,4,1
Ethambutol,embB_p.Ser347Thr,0,4.1.1.1,1
Ethambutol,embB_p.Ser347Thr,1,4.1.1.1,6
Ethambutol,embB_p.Ser347Thr,1,4.1.2.1,1
Ethambutol,embB_p.Ser347Thr,0,4.3,1
Ethambutol,embB_p.Ser347Thr,0,4.7,1
Ethambutol,embB_p.Thr642Ala,1,2.2.1,1
Ethambutol,embB_p.Thr642Ala,0,4.4.1.1,1
Ethambutol,embB_p.Thr642Ala,1,4.4.1.1,1
Ethambutol,embB_p.Thr642Ala,1,4.8,3
Ethambutol,embB_p.Tyr319Asp,1,1.2.1,1
Ethambutol,embB_p.Tyr319Asp,0,1.2.2,2
Ethambutol,embB_p.Tyr319Asp,1,1.2.2,3
Ethambutol,embB_p.Tyr319Asp,0,2.2.1,3
Ethambutol,embB_p.Tyr319Asp,1,2.2.1,2
Ethambutol,embB_p.Tyr319Asp,0,3,1
Ethambutol,embB_p.Tyr319Asp,1,4.1.2.1,1
Ethambutol,embB_p.Tyr319Asp,1,4.3.3,1
Ethambutol,embB_p.Tyr319Asp,1,4.9,1
Ethambutol,embB_p.Tyr334His,0,1.1.3,1
Ethambutol,embB_p.Tyr334His,1,1.1.3,1
Ethambutol,embB_p.Tyr334His,0,2.2.1,30
Ethambutol,embB_p.Tyr334His,1,2.2.1,168
Ethambutol,embB_p.Tyr334His,0,3,1
Ethambutol,embB_p.Tyr334His,1,4.3.4.1,1
Ethambutol,embB_p.Val456Ala,0,2.2.1.1,12
Ethambutol,embB_p.Val456Ala,1,2.2.1.1,89
Ethambutol,embC_c.-10A>C,0,4.1.2.1,7
Ethambutol,embC_c.-10A>C,1,4.1.2.1,23
Ethambutol,embC_c.-531C>T,1,2.2.1,7
Ethambutol,embC_c.-632G>A,0,2.2.1,8
Ethambutol,embC_c.-632G>A,1,2.2.1,28
Ethambutol,ubiA_p.Ala181Val,0,3,1
Ethambutol,ubiA_p.Ala181Val,0,4.1.1.1,3
Ethambutol,ubiA_p.Ala181Val,0,4.1.2.1,2
Ethambutol,ubiA_p.Ala181Val,1,4.1.2.1,6
Ethambutol,ubiA_p.Ala181Val,0,4.3.3,1
Ethambutol,ubiA_p.Ala181Val,1,4.3.3,2
Ethambutol,ubiA_p.Ala181Val,1,4.3.4.2,1
Ethambutol,ubiA_p.Ala181Val,0,4.3.4.2.1,2
Ethambutol,ubiA_p.Ala181Val,1,4.8,1
Ethambutol,ubiA_p.Ala237Val,0,2.2.1,2
Ethambutol,ubiA_p.Ala237Val,1,2.2.1,3
Ethambutol,ubiA_p.Ala237Val,0,3,1
Ethambutol,ubiA_p.Ala237Val,1,3,2
Ethambutol,ubiA_p.Ala237Val,1,4,2
Ethambutol,ubiA_p.Ala237Val,1,4.1,2
Ethambutol,ubiA_p.Ala237Val,1,4.1.1.3,2
Ethambutol,ubiA_p.Ala237Val,1,4.1.2,1
Ethambutol,ubiA_p.Ala237Val,0,4.1.2.1,1
Ethambutol,ubiA_p.Ala237Val,1,4.1.2.1,1
Ethambutol,ubiA_p.Ala237Val,0,4.2.2,1
Ethambutol,ubiA_p.Ala237Val,1,4.3.2.1,1
Ethambutol,ubiA_p.Ala237Val,1,4.3.3,1
Ethambutol,ubiA_p.Ala237Val,1,4.4.1.1,8
Ethambutol,ubiA_p.Ala237Val,1,4.4.2,1
Ethambutol,ubiA_p.Ala237Val,1,4.6.1.2,4
Ethambutol,ubiA_p.Ala237Val,1,4.6.2.2,1
Ethambutol,ubiA_p.Ala237Val,0,4.7,1
Ethambutol,ubiA_p.Ala237Val,1,4.7,1
Ethambutol,ubiA_p.Ala237Val,1,4.8,2
Ethambutol,ubiA_p.Ala237Val,0,4.9,7
Ethambutol,ubiA_p.Ala237Val,1,4.9,15
Ethambutol,ubiA_p.Ala35Ser,1,2.2.1,2
Ethambutol,ubiA_p.Ala35Ser,1,2.2.1.1,1
Ethambutol,ubiA_p.Ala35Ser,1,4.1.2.1,1
Ethambutol,ubiA_p.Ala35Ser,1,4.2.1,5
Ethambutol,ubiA_p.Ala35Ser,0,4.3.3,2
Ethambutol,ubiA_p.Ala35Ser,1,4.3.3,80
Ethambutol,ubiA_p.Ala35Ser,0,4.7,1
Ethambutol,ubiA_p.Ala38Val,0,2.2.1,2
Ethambutol,ubiA_p.Ala38Val,1,2.2.1,1
Ethambutol,ubiA_p.Ala38Val,1,2.2.1.1,1
Ethambutol,ubiA_p.Ala38Val,1,3,3
Ethambutol,ubiA_p.Ala38Val,1,4,3
Ethambutol,ubiA_p.Ala38Val,0,4.1.2.1,1
Ethambutol,ubiA_p.Ala38Val,1,4.1.2.1,13
Ethambutol,ubiA_p.Ala38Val,0,4.2.1,7
Ethambutol,ubiA_p.Ala38Val,1,4.2.1,5
Ethambutol,ubiA_p.Ala38Val,0,4.3.4.1,1
Ethambutol,ubiA_p.Ala38Val,1,4.3.4.1,3
Ethambutol,ubiA_p.Ala38Val,1,4.4.1.1,5
Ethambutol,ubiA_p.Ala38Val,1,4.5,1
Ethambutol,ubiA_p.Ala38Val,1,4.8,1
Ethambutol,ubiA_p.Gly234Val,1,1.1.3,1
Ethambutol,ubiA_p.Gly234Val,1,2.2.1,3
Ethambutol,ubiA_p.Gly234Val,1,2.2.1.1,3
Ethambutol,ubiA_p.Gly234Val,1,4.1.2.1,1
Ethambutol,ubiA_p.Gly234Val,1,4.2.1,1
Ethambutol,ubiA_p.Gly234Val,1,4.4.1.1,3
Ethambutol,ubiA_p.Ile179Thr,0,2.2.1,1
Ethambutol,ubiA_p.Ile179Thr,1,2.2.1,4
Ethambutol,ubiA_p.Ile179Thr,1,4,1
Ethambutol,ubiA_p.Ile179Thr,1,4.1.1.1,1
Ethambutol,ubiA_p.Ile179Thr,1,4.4.1.2,1
Ethambutol,ubiA_p.Ile179Thr,1,4.6.1.2,6
Ethambutol,ubiA_p.Ile179Thr,1,4.8,4
Ethambutol,ubiA_p.Leu178Val,0,2.2.1.1,4
Ethambutol,ubiA_p.Leu178Val,1,2.2.1.1,1
Ethambutol,ubiA_p.Leu178Val,0,3,4
Ethambutol,ubiA_p.Leu178Val,1,3,7
Ethambutol,ubiA_p.Leu178Val,1,4.1.1,1
Ethambutol,ubiA_p.Leu178Val,0,4.1.2,2
Ethambutol,ubiA_p.Leu178Val,1,4.3.2,8
Ethambutol,ubiA_p.Leu178Val,1,4.8,3
Ethambutol,ubiA_p.Leu31Pro,0,4.1.2.1,1
Ethambutol,ubiA_p.Leu31Pro,1,4.1.2.1,2
Ethambutol,ubiA_p.Leu31Pro,1,4.2.1,2
Ethambutol,ubiA_p.Leu31Pro,0,4.3.3,3
Ethambutol,ubiA_p.Leu31Pro,1,4.3.3,7
Ethambutol,ubiA_p.Leu31Pro,1,4.3.4.1,1
Ethambutol,ubiA_p.Leu31Pro,1,4.5,1
Ethambutol,ubiA_p.Leu31Pro,1,4.7,2
Ethambutol,ubiA_p.Leu31Pro,0,4.8,1
Ethambutol,ubiA_p.Met180Val,0,1.2.1,1
Ethambutol,ubiA_p.Met180Val,0,2.2.1,2
Ethambutol,ubiA_p.Met180Val,1,2.2.1,15
Ethambutol,ubiA_p.Met180Val,1,3,4
Ethambutol,ubiA_p.Met180Val,1,4,2
Ethambutol,ubiA_p.Met180Val,1,4.1.1,3
Ethambutol,ubiA_p.Met180Val,1,4.1.1.1,1
Ethambutol,ubiA_p.Met180Val,1,4.1.1.3,4
Ethambutol,ubiA_p.Met180Val,0,4.1.2.1,1
Ethambutol,ubiA_p.Met180Val,1,4.1.2.1,4
Ethambutol,ubiA_p.Met180Val,0,4.2.1,1
Ethambutol,ubiA_p.Met180Val,1,4.2.1,2
Ethambutol,ubiA_p.Met180Val,0,4.2.2,1
Ethambutol,ubiA_p.Met180Val,1,4.2.2,6
Ethambutol,ubiA_p.Met180Val,1,4.3.2,12
Ethambutol,ubiA_p.Met180Val,0,4.3.2.1,1
Ethambutol,ubiA_p.Met180Val,0,4.3.3,1
Ethambutol,ubiA_p.Met180Val,1,4.3.3,1
Ethambutol,ubiA_p.Met180Val,1,4.3.4.1,5
Ethambutol,ubiA_p.Met180Val,1,4.3.4.2.1,1
Ethambutol,ubiA_p.Met180Val,1,4.4,1
Ethambutol,ubiA_p.Met180Val,1,4.5,1
Ethambutol,ubiA_p.Met180Val,1,4.6.1.2,1
Ethambutol,ubiA_p.Met180Val,0,4.6.2.2,1
Ethambutol,ubiA_p.Met180Val,1,4.6.2.2,4
Ethambutol,ubiA_p.Met180Val,1,4.7,1
Ethambutol,ubiA_p.Met180Val,0,4.8,1
Ethambutol,ubiA_p.Met180Val,1,4.8,8
Ethambutol,ubiA_p.Phe176Leu,0,2.2.1,1
Ethambutol,ubiA_p.Phe176Leu,1,2.2.1,4
Ethambutol,ubiA_p.Phe176Leu,0,2.2.2,1
Ethambutol,ubiA_p.Phe176Leu,1,3,1
Ethambutol,ubiA_p.Phe176Leu,1,4.1.1.1,3
Ethambutol,ubiA_p.Phe176Leu,0,4.1.2,1
Ethambutol,ubiA_p.Phe176Leu,1,4.1.2.1,2
Ethambutol,ubiA_p.Phe176Leu,0,4.2.1,1
Ethambutol,ubiA_p.Phe176Leu,1,4.2.1,1
Ethambutol,ubiA_p.Phe176Leu,0,4.3,1
Ethambutol,ubiA_p.Phe176Leu,0,4.3.2,1
Ethambutol,ubiA_p.Phe176Leu,1,4.3.2,1
Ethambutol,ubiA_p.Phe176Leu,0,4.3.2.1,1
Ethambutol,ubiA_p.Phe176Leu,1,4.3.2.1,1
Ethambutol,ubiA_p.Phe176Leu,1,4.3.3,3
Ethambutol,ubiA_p.Phe176Leu,1,4.3.4.1,3
Ethambutol,ubiA_p.Phe176Leu,1,4.3.4.2,2
Ethambutol,ubiA_p.Phe176Leu,1,4.4.1.1,4
Ethambutol,ubiA_p.Phe176Leu,0,4.4.2,1
Ethambutol,ubiA_p.Phe176Leu,1,4.6.1.2,1
Ethambutol,ubiA_p.Phe176Leu,0,4.8,3
Ethambutol,ubiA_p.Phe238Cys,1,4.1.2.1,3
Ethambutol,ubiA_p.Phe238Cys,1,4.4.1.1,4
Ethambutol,ubiA_p.Ser173Ala,0,2.2.1,3
Ethambutol,ubiA_p.Ser173Ala,1,2.2.1,3
Ethambutol,ubiA_p.Ser173Ala,1,2.2.1.1,1
Ethambutol,ubiA_p.Ser173Ala,1,2.2.2,1
Ethambutol,ubiA_p.Ser173Ala,1,3,1
Ethambutol,ubiA_p.Ser173Ala,1,4,3
Ethambutol,ubiA_p.Ser173Ala,0,4.1.2.1,2
Ethambutol,ubiA_p.Ser173Ala,1,4.1.2.1,5
Ethambutol,ubiA_p.Ser173Ala,1,4.2.1,1
Ethambutol,ubiA_p.Ser173Ala,1,4.7,2
Ethambutol,ubiA_p.Ser173Ala,0,4.8,1
Ethambutol,ubiA_p.Ser173Ala,1,4.8,1
Ethambutol,ubiA_p.Val148Ala,1,2.2.1,4
Ethambutol,ubiA_p.Val148Ala,1,4.1.1.3,1
Ethambutol,ubiA_p.Val148Ala,0,4.2.1,7
Ethambutol,ubiA_p.Val148Ala,1,4.2.1,21
Ethambutol,ubiA_p.Val148Ala,1,4.3.3,1
Ethambutol,ubiA_p.Val148Ala,0,4.3.4.1,1
Ethambutol,ubiA_p.Val148Ala,1,4.3.4.1,5
Ethambutol,ubiA_p.Val148Ala,1,4.5,1
Ethambutol,ubiA_p.Val148Ala,0,4.8,1
Ethambutol,ubiA_p.Val55Gly,0,2.2.1,2
Ethambutol,ubiA_p.Val55Gly,1,2.2.1,4
Ethambutol,ubiA_p.Val55Gly,0,4.1.2.1,1
Ethambutol,ubiA_p.Val55Gly,1,4.1.2.1,4
Ethambutol,ubiA_p.Val55Gly,1,4.3.4.2.1,1
Ethambutol,ubiA_p.Val55Gly,1,4.5,3
Ethambutol,ubiA_p.Val55Leu,1,2.2.1.1,1
Ethambutol,ubiA_p.Val55Leu,1,4.1.1.3,2
Ethambutol,ubiA_p.Val55Leu,1,4.1.2.1,4
Ethambutol,ubiA_p.Val55Leu,1,4.2.1,2
Ethambutol,ubiA_p.Val55Leu,1,4.4.1.1,4
Ethambutol,ubiA_p.Val55Leu,1,4.8,1
Ethionamide,ethA_c.-11A>G,1,2.2.1,3
Ethionamide,ethA_c.-11A>G,0,2.2.1.1,1
Ethionamide,ethA_c.-11A>G,1,2.2.1.1,5
Ethionamide,ethA_c.-11A>G,0,3.1.1,1
Ethionamide,ethA_c.-11A>G,1,4,1
Ethionamide,ethA_c.-11A>G,1,4.1.1.1,2
Ethionamide,ethA_c.-11A>G,1,4.2.1,1
Ethionamide,ethA_c.-11A>G,0,4.3.3,11
Ethionamide,ethA_c.-11A>G,1,4.3.3,43
Ethionamide,ethA_c.-11A>G,0,4.6.2.2,1
Ethionamide,ethA_c.-11A>G,1,4.8,1
Ethionamide,ethA_p.Ala222_Ile338del,1,4.1.2.1,7
Ethionamide,ethA_p.Ala381Pro,1,2.2.1,1
Ethionamide,ethA_p.Ala381Pro,0,2.2.2,124
Ethionamide,ethA_p.Ala381Pro,1,2.2.2,118
Ethionamide,ethA_p.Arg150_Pro160del,0,2.2.1,3
Ethionamide,ethA_p.Arg150_Pro160del,1,2.2.1,33
Ethionamide,ethA_p.Asp56Ala,0,2.2.1,1
Ethionamide,ethA_p.Asp56Ala,1,2.2.1,5
Ethionamide,ethA_p.Asp56Ala,1,2.2.2,1
Ethionamide,ethA_p.Asp56Ala,0,3,1
Ethionamide,ethA_p.Asp56Ala,1,3,1
Ethionamide,ethA_p.Asp56Ala,0,3.1.2.1,2
Ethionamide,ethA_p.Asp56Ala,1,4.1.2,1
Ethionamide,ethA_p.Asp56Ala,1,4.3.4.1,1
Ethionamide,ethA_p.Asp56Ala,0,4.7,1
Ethionamide,ethA_p.Asp58Gly,0,4.8,1
Ethionamide,ethA_p.Asp58Gly,1,4.8,6
Ethionamide,ethA_p.Cys137Arg,0,2.2.1,7
Ethionamide,ethA_p.Cys137Arg,1,2.2.1,13
Ethionamide,ethA_p.Cys137Arg,0,3,3
Ethionamide,ethA_p.Cys137Arg,1,3,2
Ethionamide,ethA_p.Cys137Arg,0,4.1.2.1,1
Ethionamide,ethA_p.Cys137Arg,1,4.1.2.1,1
Ethionamide,ethA_p.Cys137Arg,0,4.2.1,1
Ethionamide,ethA_p.Cys137Arg,0,4.2.2,1
Ethionamide,ethA_p.Cys137Arg,0,4.3.4.2,2
Ethionamide,ethA_p.Cys137Arg,1,4.5,1
Ethionamide,ethA_p.Gln254Pro,0,2.2.1,6
Ethionamide,ethA_p.Gln254Pro,1,2.2.1,5
Ethionamide,ethA_p.Gln254Pro,0,2.2.1.1,1
Ethionamide,ethA_p.Gln254Pro,1,2.2.1.1,2
Ethionamide,ethA_p.Gln254Pro,1,2.2.2,1
Ethionamide,ethA_p.Gln254Pro,0,3,3
Ethionamide,ethA_p.Gln254Pro,1,3,1
Ethionamide,ethA_p.Gln254Pro,1,4.3.3,4
Ethionamide,ethA_p.Gly11Val,1,2.2.1.1,5
Ethionamide,ethA_p.Gly11Val,1,4.3.3,8
Ethionamide,ethA_p.Gly11Val,0,4.3.4.2,1
Ethionamide,ethA_p.Gly11Val,1,4.3.4.2,1
Ethionamide,ethA_p.Gly43Ser,0,2.2.1,3
Ethionamide,ethA_p.Gly43Ser,1,2.2.1,7
Ethionamide,ethA_p.His281Pro,0,2.2.1,6
Ethionamide,ethA_p.His281Pro,1,2.2.1,4
Ethionamide,ethA_p.His281Pro,0,3,1
Ethionamide,ethA_p.His281Pro,1,4.1.2.1,1
Ethionamide,ethA_p.His281Pro,0,4.2.1,125
Ethionamide,ethA_p.His281Pro,1,4.2.1,327
Ethionamide,ethA_p.His281Pro,0,4.3.4.2,1
Ethionamide,ethA_p.His281Pro,0,4.4.1.1,2
Ethionamide,ethA_p.Leu194Pro,1,2.2.1,2
Ethionamide,ethA_p.Leu194Pro,1,2.2.1.1,1
Ethionamide,ethA_p.Leu194Pro,0,3.1.2,1
Ethionamide,ethA_p.Leu194Pro,1,3.1.2,1
Ethionamide,ethA_p.Leu205Pro,1,2.2.1,1
Ethionamide,ethA_p.Leu205Pro,1,4.1.1.3,1
Ethionamide,ethA_p.Leu205Pro,1,4.3.3,2
Ethionamide,ethA_p.Leu205Pro,0,4.4.1,1
Ethionamide,ethA_p.Leu205Pro,1,4.4.1,1
Ethionamide,ethA_p.Leu23Arg,0,2.2.1,4
Ethionamide,ethA_p.Leu23Arg,1,2.2.1,6
Ethionamide,ethA_p.Phe282Val,0,2.2.1,5
Ethionamide,ethA_p.Phe282Val,1,2.2.1,7
Ethionamide,ethA_p.Phe282Val,0,2.2.1.1,1
Ethionamide,ethA_p.Phe282Val,1,2.2.1.1,2
Ethionamide,ethA_p.Phe282Val,0,4.1.1.1,1
Ethionamide,ethA_p.Phe282Val,0,4.1.1.3,1
Ethionamide,ethA_p.Phe282Val,1,4.1.1.3,2
Ethionamide,ethA_p.Pro378Leu,0,2.2.1,9
Ethionamide,ethA_p.Pro378Leu,1,2.2.1,8
Ethionamide,ethA_p.Pro378Leu,0,3,2
Ethionamide,ethA_p.Pro378Leu,1,3.1.2,1
Ethionamide,ethA_p.Pro378Leu,0,4.3.3,50
Ethionamide,ethA_p.Pro378Leu,1,4.3.3,24
Ethionamide,ethA_p.Pro378Leu,1,4.8,1
Ethionamide,ethA_p.Ser55Pro,1,2.2.1,1
Ethionamide,ethA_p.Ser55Pro,1,2.2.1.1,3
Ethionamide,ethA_p.Ser55Pro,0,4.1.1.3,1
Ethionamide,ethA_p.Thr314Ala,0,2.2.1,1
Ethionamide,ethA_p.Thr314Ala,1,2.2.1,6
Ethionamide,ethA_p.Thr314Ala,0,4.1.2.1,1
Ethionamide,ethA_p.Thr314Ala,1,4.7,1
Ethionamide,ethA_p.Thr314Ile,0,2.2.1,154
Ethionamide,ethA_p.Thr314Ile,1,2.2.1,82
Ethionamide,ethA_p.Thr314Ile,0,4.2.2.1,5
Ethionamide,ethA_p.Thr314Ile,0,4.8,2
Ethionamide,ethA_p.Thr321Pro,0,2.2.1,4
Ethionamide,ethA_p.Thr321Pro,1,2.2.1,73
Ethionamide,ethA_p.Thr342Ala,0,2.2.1,1
Ethionamide,ethA_p.Thr342Ala,1,2.2.1,1
Ethionamide,ethA_p.Thr342Ala,1,3.1.2,1
Ethionamide,ethA_p.Thr342Ala,1,4.8,2
Ethionamide,ethA_p.Thr342Lys,1,2.2.1,2
Ethionamide,ethA_p.Thr342Lys,1,4.1.2.1,1
Ethionamide,ethA_p.Thr342Lys,1,4.7,4
Ethionamide,ethA_p.Thr44Ala,1,2.2.1,5
Ethionamide,ethA_p.Thr44Ala,0,2.2.2,1
Ethionamide,ethA_p.Thr44Ala,1,2.2.2,2
Ethionamide,ethA_p.Thr44Ala,1,4.9,1
Ethionamide,ethA_p.Thr61Met,0,2.2.1,19
Ethionamide,ethA_p.Thr61Met,1,2.2.1,17
Ethionamide,ethA_p.Thr61Met,0,2.2.1.1,1
Ethionamide,ethA_p.Thr61Met,1,4.3.2,1
Ethionamide,ethA_p.Tyr211Ser,0,2.2.1,1
Ethionamide,ethA_p.Tyr211Ser,1,2.2.1,1
Ethionamide,ethA_p.Tyr211Ser,1,3,2
Ethionamide,ethA_p.Tyr211Ser,1,4.1.2.1,11
Ethionamide,ethA_p.Tyr32Asp,0,2.2.1,16
Ethionamide,ethA_p.Tyr32Asp,1,2.2.1,14
Ethionamide,ethA_p.Tyr32Asp,1,3,1
Ethionamide,ethA_p.Tyr50Asp,1,2.2.1,1
Ethionamide,ethA_p.Tyr50Asp,0,2.2.1.1,1
Ethionamide,ethA_p.Tyr50Asp,1,2.2.1.1,3
Ethionamide,inhA_c.-796C>T,0,1.1.3,1
Ethionamide,inhA_c.-796C>T,0,2.2.1,2
Ethionamide,inhA_c.-796C>T,1,2.2.1,6
Ethionamide,inhA_c.-796C>T,1,2.2.2,3
Ethionamide,inhA_c.-796C>T,0,3,1
Ethionamide,inhA_c.-796C>T,1,3,1
Ethionamide,inhA_c.-796C>T,1,4.3.3,1
Ethionamide,inhA_c.-796C>T,0,4.3.4.2,1
Ethionamide,inhA_c.-796C>T,0,4.9,2
Ethionamide,inhA_c.-796C>T,1,4.9,1
Ethionamide,inhA_p.Ala239Val,1,1.1.1.1,2
Ethionamide,inhA_p.Ala239Val,1,1.1.3,1
Ethionamide,inhA_p.Ala239Val,1,1.2.2,5
Ethionamide,inhA_p.Ala239Val,1,2.2.1,1
Ethionamide,inhA_p.Ala239Val,1,3,1
Ethionamide,inhA_p.Ala239Val,1,4.1.2.1,1
Ethionamide,inhA_p.Ala239Val,1,4.3.2.1,1
Ethionamide,inhA_p.Ala239Val,1,4.8,3
Ethionamide,inhA_p.Ile194Thr,0,1.1.2,2
Ethionamide,inhA_p.Ile194Thr,1,1.1.2,9
Ethionamide,inhA_p.Ile194Thr,1,1.1.3,1
Ethionamide,inhA_p.Ile194Thr,0,1.2.1,1
Ethionamide,inhA_p.Ile194Thr,1,1.2.1,2
Ethionamide,inhA_p.Ile194Thr,0,1.2.2,1
Ethionamide,inhA_p.Ile194Thr,1,1.2.2,49
Ethionamide,inhA_p.Ile194Thr,0,2.2.1,5
Ethionamide,inhA_p.Ile194Thr,1,2.2.1,30
Ethionamide,inhA_p.Ile194Thr,1,2.2.1.1,1
Ethionamide,inhA_p.Ile194Thr,1,4.1,1
Ethionamide,inhA_p.Ile194Thr,1,4.2.2.1,10
Ethionamide,inhA_p.Ile194Thr,1,4.3.2,1
Ethionamide,inhA_p.Ile194Thr,1,4.3.4.1,2
Ethionamide,inhA_p.Ile194Thr,0,4.3.4.2,1
Ethionamide,inhA_p.Ile194Thr,1,4.3.4.2,16
Ethionamide,inhA_p.Ile194Thr,1,4.8,2
Ethionamide,inhA_p.Ile21Thr,1,1.1.2,4
Ethionamide,inhA_p.Ile21Thr,1,1.2.1,1
Ethionamide,inhA_p.Ile21Thr,0,1.2.2,2
Ethionamide,inhA_p.Ile21Thr,1,1.2.2,9
Ethionamide,inhA_p.Ile21Thr,0,2.2.1,1
Ethionamide,inhA_p.Ile21Thr,1,2.2.1,8
Ethionamide,inhA_p.Ile21Thr,1,3,1
Ethionamide,inhA_p.Ile21Thr,0,4,1
Ethionamide,inhA_p.Ile21Thr,1,4,1
Ethionamide,inhA_p.Ile21Thr,1,4.1.2,3
Ethionamide,inhA_p.Ile21Thr,0,4.1.2.1,1
Ethionamide,inhA_p.Ile21Thr,1,4.1.2.1,3
Ethionamide,inhA_p.Ile21Thr,1,4.3,1
Ethionamide,inhA_p.Ile21Thr,0,4.3.1,1
Ethionamide,inhA_p.Ile21Thr,1,4.3.2,1
Ethionamide,inhA_p.Ile21Thr,0,4.3.3,6
Ethionamide,inhA_p.Ile21Thr,1,4.3.3,43
Ethionamide,inhA_p.Ile21Thr,0,4.3.4.1,4
Ethionamide,inhA_p.Ile21Thr,1,4.3.4.1,14
Ethionamide,inhA_p.Ile21Thr,1,4.4.1.1,12
Ethionamide,inhA_p.Ile21Thr,0,4.4.2,2
Ethionamide,inhA_p.Ile21Thr,1,4.5,2
Ethionamide,inhA_p.Ile21Thr,1,4.6.1.2,1
Ethionamide,inhA_p.Ile21Thr,1,4.6.2.2,1
Ethionamide,inhA_p.Ile21Thr,1,4.8,4
Ethionamide,inhA_p.Ile21Thr,1,BOV_AFRI,1
Ethionamide,inhA_p.Ile21Val,1,1.1.1.1,1
Ethionamide,inhA_p.Ile21Val,0,1.1.2,2
Ethionamide,inhA_p.Ile21Val,1,1.1.2,1
Ethionamide,inhA_p.Ile21Val,1,1.1.3,3
Ethionamide,inhA_p.Ile21Val,1,1.2.1,3
Ethionamide,inhA_p.Ile21Val,1,1.2.2,4
Ethionamide,inhA_p.Ile21Val,0,2.2.1,5
Ethionamide,inhA_p.Ile21Val,1,2.2.1,5
Ethionamide,inhA_p.Ile21Val,1,2.2.2,2
Ethionamide,inhA_p.Ile21Val,1,3,2
Ethionamide,inhA_p.Ile21Val,1,4.1.2.1,2
Ethionamide,inhA_p.Ile21Val,1,4.3.3,3
Ethionamide,inhA_p.Ile21Val,1,4.3.4.2.1,1
Ethionamide,inhA_p.Ile21Val,1,4.4.1.1,1
Ethionamide,inhA_p.Ile21Val,1,4.7,1
Ethionamide,mshA_LoF,0,2.2.1,2
Ethionamide,mshA_LoF,1,2.2.1,6
Ethionamide,mshA_LoF,0,2.2.1.1,1
Ethionamide,mshA_LoF,0,2.2.2,1
Ethionamide,mshA_LoF,0,3,5
Ethionamide,mshA_LoF,1,3,5
Ethionamide,mshA_LoF,1,3.1.1,1
Ethionamide,mshA_LoF,1,3.1.2,1
Ethionamide,mshA_LoF,0,4,6
Ethionamide,mshA_LoF,1,4,2
Ethionamide,mshA_LoF,1,4.1.1.3,1
Ethionamide,mshA_LoF,0,4.2.1,1
Ethionamide,mshA_LoF,1,4.2.1,2
Ethionamide,mshA_LoF,0,4.2.2.1,2
Ethionamide,mshA_LoF,1,4.3.3,2
Ethionamide,mshA_LoF,0,4.3.4.2,1
Ethionamide,mshA_LoF,1,4.3.4.2,1
Ethionamide,mshA_LoF,0,4.4.2,1
Ethionamide,mshA_LoF,0,4.5,1
Ethionamide,mshA_LoF,1,4.7,1
Ethionamide,mshA_LoF,0,4.8,3
Ethionamide,mshA_LoF,1,4.8,6
Isoniazid,ahpC_c.-48G>A,1,1.1.1.1,3
Isoniazid,ahpC_c.-48G>A,1,1.1.2,1
Isoniazid,ahpC_c.-48G>A,1,1.1.3,1
Isoniazid,ahpC_c.-48G>A,1,1.2.1,3
Isoniazid,ahpC_c.-48G>A,1,1.2.2,3
Isoniazid,ahpC_c.-48G>A,0,2.2.1,5
Isoniazid,ahpC_c.-48G>A,1,2.2.1,24
Isoniazid,ahpC_c.-48G>A,1,2.2.1.2,1
Isoniazid,ahpC_c.-48G>A,1,2.2.2,4
Isoniazid,ahpC_c.-48G>A,1,4,1
Isoniazid,ahpC_c.-48G>A,1,4.1,1
Isoniazid,ahpC_c.-48G>A,1,4.1.1,1
Isoniazid,ahpC_c.-48G>A,1,4.1.1.3,37
Isoniazid,ahpC_c.-48G>A,1,4.1.2,1
Isoniazid,ahpC_c.-48G>A,0,4.1.2.1,1
Isoniazid,ahpC_c.-48G>A,1,4.1.2.1,15
Isoniazid,ahpC_c.-48G>A,1,4.2.1,33
Isoniazid,ahpC_c.-48G>A,1,4.2.2,10
Isoniazid,ahpC_c.-48G>A,0,4.3.3,1
Isoniazid,ahpC_c.-48G>A,1,4.3.3,3
Isoniazid,ahpC_c.-48G>A,0,4.3.4.2,3
Isoniazid,ahpC_c.-48G>A,1,4.3.4.2,4
Isoniazid,ahpC_c.-48G>A,1,4.3.4.2.1,2
Isoniazid,ahpC_c.-48G>A,1,4.4,1
Isoniazid,ahpC_c.-48G>A,1,4.4.1,1
Isoniazid,ahpC_c.-48G>A,0,4.5,1
Isoniazid,ahpC_c.-48G>A,1,4.5,2
Isoniazid,ahpC_c.-48G>A,0,4.6.1.1,1
Isoniazid,ahpC_c.-48G>A,0,4.8,3
Isoniazid,ahpC_c.-48G>A,1,4.8,14
Isoniazid,ahpC_c.-48G>A,1,4.9,3
Isoniazid,ahpC_c.-52C>T,1,1.1.2,1
Isoniazid,ahpC_c.-52C>T,0,2.2.1,2
Isoniazid,ahpC_c.-52C>T,1,2.2.1,25
Isoniazid,ahpC_c.-52C>T,1,2.2.1.1,1
Isoniazid,ahpC_c.-52C>T,1,4.1,1
Isoniazid,ahpC_c.-52C>T,1,4.1.1,2
Isoniazid,ahpC_c.-52C>T,1,4.1.1.1,1
Isoniazid,ahpC_c.-52C>T,0,4.1.2,1
Isoniazid,ahpC_c.-52C>T,1,4.1.2,2
Isoniazid,ahpC_c.-52C>T,0,4.1.2.1,2
Isoniazid,ahpC_c.-52C>T,1,4.1.2.1,11
Isoniazid,ahpC_c.-52C>T,1,4.2.1,7
Isoniazid,ahpC_c.-52C>T,0,4.2.2,2
Isoniazid,ahpC_c.-52C>T,1,4.2.2,5
Isoniazid,ahpC_c.-52C>T,1,4.3.1,1
Isoniazid,ahpC_c.-52C>T,1,4.3.2,3
Isoniazid,ahpC_c.-52C>T,0,4.3.3,1
Isoniazid,ahpC_c.-52C>T,1,4.3.3,16
Isoniazid,ahpC_c.-52C>T,1,4.3.4.1,1
Isoniazid,ahpC_c.-52C>T,1,4.3.4.2,1
Isoniazid,ahpC_c.-52C>T,1,4.4.1.1,2
Isoniazid,ahpC_c.-52C>T,0,4.4.2,1
Isoniazid,ahpC_c.-52C>T,1,4.4.2,1
Isoniazid,ahpC_c.-52C>T,1,4.6.1.2,1
Isoniazid,ahpC_c.-52C>T,0,4.6.2.2,1
Isoniazid,ahpC_c.-52C>T,1,4.6.2.2,2
Isoniazid,ahpC_c.-52C>T,1,4.7,4
Isoniazid,ahpC_c.-52C>T,1,4.8,6
Isoniazid,ahpC_c.-52C>T,1,4.9,2
Isoniazid,ahpC_c.-54C>T,1,1.1.3,1
Isoniazid,ahpC_c.-54C>T,1,1.2.1,1
Isoniazid,ahpC_c.-54C>T,1,2.2.1,9
Isoniazid,ahpC_c.-54C>T,1,2.2.2,1
Isoniazid,ahpC_c.-54C>T,1,3,1
Isoniazid,ahpC_c.-54C>T,1,4,4
Isoniazid,ahpC_c.-54C>T,1,4.1.1,2
Isoniazid,ahpC_c.-54C>T,1,4.1.1.2,1
Isoniazid,ahpC_c.-54C>T,0,4.1.1.3,1
Isoniazid,ahpC_c.-54C>T,0,4.1.2.1,1
Isoniazid,ahpC_c.-54C>T,1,4.1.2.1,6
Isoniazid,ahpC_c.-54C>T,1,4.2.2,1
Isoniazid,ahpC_c.-54C>T,1,4.3.2.1,1
Isoniazid,ahpC_c.-54C>T,1,4.3.4.1,1
Isoniazid,ahpC_c.-54C>T,1,4.3.4.2,1
Isoniazid,ahpC_c.-54C>T,0,4.3.4.2.1,1
Isoniazid,ahpC_c.-54C>T,1,4.3.4.2.1,1
Isoniazid,ahpC_c.-54C>T,1,4.4.2,1
Isoniazid,ahpC_c.-54C>T,1,4.5,3
Isoniazid,ahpC_c.-54C>T,1,4.7,2
Isoniazid,ahpC_c.-54C>T,1,4.8,4
Isoniazid,ahpC_c.-54C>T,1,4.9,1
Isoniazid,ahpC_c.-54C>T,1,5,1
Isoniazid,ahpC_c.-57C>T,1,2.2.1,6
Isoniazid,ahpC_c.-57C>T,1,2.2.1.1,2
Isoniazid,ahpC_c.-57C>T,1,4,1
Isoniazid,ahpC_c.-57C>T,1,4.1,3
Isoniazid,ahpC_c.-57C>T,1,4.1.1.3,1
Isoniazid,ahpC_c.-57C>T,1,4.1.2.1,18
Isoniazid,ahpC_c.-57C>T,0,4.3.2.1,1
Isoniazid,ahpC_c.-57C>T,1,4.3.3,3
Isoniazid,ahpC_c.-57C>T,1,4.3.4.1,1
Isoniazid,ahpC_c.-57C>T,1,4.3.4.2.1,1
Isoniazid,ahpC_c.-57C>T,1,4.4,1
Isoniazid,ahpC_c.-57C>T,0,4.4.2,1
Isoniazid,ahpC_c.-57C>T,1,4.5,1
Isoniazid,ahpC_c.-57C>T,1,4.7,3
Isoniazid,ahpC_c.-57C>T,1,4.8,5
Isoniazid,ahpC_c.-57C>T,1,4.9,1
Isoniazid,ahpC_c.-72C>T,1,2.1,1
Isoniazid,ahpC_c.-72C>T,1,2.2.1,9
Isoniazid,ahpC_c.-72C>T,1,3,2
Isoniazid,ahpC_c.-72C>T,0,3.1.2,1
Isoniazid,ahpC_c.-72C>T,1,4.1.1.1,1
Isoniazid,ahpC_c.-72C>T,1,4.1.2.1,6
Isoniazid,ahpC_c.-72C>T,1,4.2.1,1
Isoniazid,ahpC_c.-72C>T,1,4.2.2,9
Isoniazid,ahpC_c.-72C>T,1,4.3.3,1
Isoniazid,ahpC_c.-72C>T,1,4.3.4.1,1
Isoniazid,ahpC_c.-72C>T,0,4.3.4.2,2
Isoniazid,ahpC_c.-72C>T,0,4.4,1
Isoniazid,ahpC_c.-72C>T,1,4.4.2,1
Isoniazid,ahpC_c.-72C>T,1,4.5,3
Isoniazid,ahpC_c.-72C>T,1,4.6.1.2,2
Isoniazid,ahpC_c.-76T>A,0,3,1
Isoniazid,ahpC_c.-76T>A,1,3,25
Isoniazid,ahpC_c.-76T>A,1,3.1.2,2
Isoniazid,ahpC_p.Asp73His,0,4.1.1.3,3
Isoniazid,ahpC_p.Asp73His,1,4.1.1.3,71
Isoniazid,inhA_c.-100C>A,1,1.2.2,1
Isoniazid,inhA_c.-100C>A,1,2.2.1,8
Isoniazid,inhA_c.-100C>A,1,2.2.1.1,2
Isoniazid,inhA_c.-100C>A,1,3,1
Isoniazid,inhA_c.-100C>A,1,4.1,2
Isoniazid,inhA_c.-100C>A,0,4.1.2.1,1
Isoniazid,inhA_c.-100C>A,1,4.1.2.1,9
Isoniazid,inhA_c.-100C>A,1,4.2.1,15
Isoniazid,inhA_c.-100C>A,1,4.3.1,1
Isoniazid,inhA_c.-100C>A,1,4.3.4.2.1,1
Isoniazid,inhA_c.-100C>A,0,4.8,2
Isoniazid,inhA_c.-100C>A,1,4.8,3
Isoniazid,inhA_c.-176A>C,0,2.2.1,3
Isoniazid,inhA_c.-176A>C,1,2.2.1,18
Isoniazid,inhA_c.-809G>A,1,4,27
Isoniazid,inhA_p.Ile194Thr,1,1.1.1,1
Isoniazid,inhA_p.Ile194Thr,0,1.1.2,1
Isoniazid,inhA_p.Ile194Thr,1,1.1.2,9
Isoniazid,inhA_p.Ile194Thr,1,1.1.3,2
Isoniazid,inhA_p.Ile194Thr,0,1.2.1,1
Isoniazid,inhA_p.Ile194Thr,1,1.2.1,7
Isoniazid,inhA_p.Ile194Thr,0,1.2.2,3
Isoniazid,inhA_p.Ile194Thr,1,1.2.2,75
Isoniazid,inhA_p.Ile194Thr,0,2.2.1,2
Isoniazid,inhA_p.Ile194Thr,1,2.2.1,71
Isoniazid,inhA_p.Ile194Thr,1,2.2.1.1,1
Isoniazid,inhA_p.Ile194Thr,1,3,5
Isoniazid,inhA_p.Ile194Thr,1,4.1,1
Isoniazid,inhA_p.Ile194Thr,1,4.1.1.1,1
Isoniazid,inhA_p.Ile194Thr,1,4.1.2,1
Isoniazid,inhA_p.Ile194Thr,1,4.1.2.1,1
Isoniazid,inhA_p.Ile194Thr,1,4.2.2.1,39
Isoniazid,inhA_p.Ile194Thr,1,4.3.2,1
Isoniazid,inhA_p.Ile194Thr,1,4.3.4.1,2
Isoniazid,inhA_p.Ile194Thr,1,4.3.4.2,19
Isoniazid,inhA_p.Ile194Thr,1,4.6.1.2,4
Isoniazid,inhA_p.Ile194Thr,1,4.8,3
Isoniazid,inhA_p.Ile194Thr,1,BOV_AFRI,1
Isoniazid,inhA_p.Ile21Thr,1,1.1.1,1
Isoniazid,inhA_p.Ile21Thr,0,1.1.2,1
Isoniazid,inhA_p.Ile21Thr,1,1.1.2,5
Isoniazid,inhA_p.Ile21Thr,1,1.1.3,1
Isoniazid,inhA_p.Ile21Thr,1,1.2.1,6
Isoniazid,inhA_p.Ile21Thr,0,1.2.2,2
Isoniazid,inhA_p.Ile21Thr,1,1.2.2,10
Isoniazid,inhA_p.Ile21Thr,1,2.2.1,16
Isoniazid,inhA_p.Ile21Thr,1,2.2.1.1,2
Isoniazid,inhA_p.Ile21Thr,0,3,1
Isoniazid,inhA_p.Ile21Thr,1,4,7
Isoniazid,inhA_p.Ile21Thr,1,4.1.2,4
Isoniazid,inhA_p.Ile21Thr,1,4.1.2.1,5
Isoniazid,inhA_p.Ile21Thr,1,4.3,1
Isoniazid,inhA_p.Ile21Thr,1,4.3.1,1
Isoniazid,inhA_p.Ile21Thr,1,4.3.2,1
Isoniazid,inhA_p.Ile21Thr,1,4.3.3,54
Isoniazid,inhA_p.Ile21Thr,1,4.3.4.1,19
Isoniazid,inhA_p.Ile21Thr,1,4.4.1.1,20
Isoniazid,inhA_p.Ile21Thr,1,4.4.2,2
Isoniazid,inhA_p.Ile21Thr,1,4.5,2
Isoniazid,inhA_p.Ile21Thr,1,4.6.1.2,1
Isoniazid,inhA_p.Ile21Thr,1,4.6.2.2,1
Isoniazid,inhA_p.Ile21Thr,1,4.7,1
Isoniazid,inhA_p.Ile21Thr,1,4.8,4
Isoniazid,inhA_p.Ile21Thr,1,BOV_AFRI,1
Isoniazid,inhA_p.Ile21Val,1,1.1.1,1
Isoniazid,inhA_p.Ile21Val,0,1.1.1.1,1
Isoniazid,inhA_p.Ile21Val,1,1.1.1.1,2
Isoniazid,inhA_p.Ile21Val,0,1.1.2,1
Isoniazid,inhA_p.Ile21Val,1,1.1.2,5
Isoniazid,inhA_p.Ile21Val,0,1.1.3,1
Isoniazid,inhA_p.Ile21Val,1,1.1.3,4
Isoniazid,inhA_p.Ile21Val,0,1.2.1,3
Isoniazid,inhA_p.Ile21Val,1,1.2.1,6
Isoniazid,inhA_p.Ile21Val,1,1.2.2,6
Isoniazid,inhA_p.Ile21Val,0,2.2.1,1
Isoniazid,inhA_p.Ile21Val,1,2.2.1,15
Isoniazid,inhA_p.Ile21Val,0,2.2.1.1,1
Isoniazid,inhA_p.Ile21Val,1,2.2.2,2
Isoniazid,inhA_p.Ile21Val,1,3,2
Isoniazid,inhA_p.Ile21Val,1,4.1.2,1
Isoniazid,inhA_p.Ile21Val,1,4.1.2.1,2
Isoniazid,inhA_p.Ile21Val,0,4.3.3,3
Isoniazid,inhA_p.Ile21Val,1,4.3.3,2
Isoniazid,inhA_p.Ile21Val,1,4.3.4.2.1,1
Isoniazid,inhA_p.Ile21Val,1,4.4.1.1,1
Isoniazid,inhA_p.Ile21Val,1,4.7,1
Isoniazid,inhA_p.Ile21Val,0,4.8,1
Isoniazid,inhA_p.Ile21Val,1,4.8,1
Isoniazid,inhA_p.Ile21Val,0,4.9,1
Isoniazid,katG_c.-10A>C,1,2.2.1,3
Isoniazid,katG_c.-10A>C,1,2.2.2,1
Isoniazid,katG_c.-10A>C,0,4,1
Isoniazid,katG_c.-10A>C,1,4,2
Isoniazid,katG_c.-10A>C,1,4.1.2.1,1
Isoniazid,katG_c.-10A>C,1,4.8,2
Isoniazid,katG_p.Ala109Val,1,2.2.1,6
Isoniazid,katG_p.Ala109Val,1,4.2.2,1
Isoniazid,katG_p.Ala109Val,1,4.8,1
Isoniazid,katG_p.Ala110Val,1,1.2.2,1
Isoniazid,katG_p.Ala110Val,1,2.1,1
Isoniazid,katG_p.Ala110Val,1,2.2.1,1
Isoniazid,katG_p.Ala110Val,1,2.2.1.1,2
Isoniazid,katG_p.Ala110Val,1,3,1
Isoniazid,katG_p.Ala110Val,1,4.1.2,8
Isoniazid,katG_p.Asn138Asp,1,2.2.1,2
Isoniazid,katG_p.Asn138Asp,0,2.2.1.2,2
Isoniazid,katG_p.Asn138Asp,1,2.2.1.2,4
Isoniazid,katG_p.Asn138His,1,3,5
Isoniazid,katG_p.Asn138His,1,4.8,2
Isoniazid,katG_p.Asn138Ser,1,2.2.1,1
Isoniazid,katG_p.Asn138Ser,1,4.1.2,1
Isoniazid,katG_p.Asn138Ser,1,4.1.2.1,3
Isoniazid,katG_p.Asn138Ser,1,4.3.4.2,2
Isoniazid,katG_p.Asn138Ser,1,4.8,1
Isoniazid,katG_p.Asp142Gly,1,2.2.1,3
Isoniazid,katG_p.Asp142Gly,0,3,1
Isoniazid,katG_p.Asp142Gly,1,3,1
Isoniazid,katG_p.Asp142Gly,1,4,2
Isoniazid,katG_p.Asp142Gly,1,4.3.2.1,2
Isoniazid,katG_p.Asp142Gly,0,4.3.3,1
Isoniazid,katG_p.Asp142Gly,1,4.3.3,1
Isoniazid,katG_p.Asp142Gly,1,4.4.1.1,1
Isoniazid,katG_p.Asp189Gly,0,2.2.1,1
Isoniazid,katG_p.Asp189Gly,1,2.2.1,3
Isoniazid,katG_p.Asp189Gly,1,2.2.1.1,1
Isoniazid,katG_p.Asp189Gly,1,3,1
Isoniazid,katG_p.Asp189Gly,1,4.1.2.1,1
Isoniazid,katG_p.Asp189Gly,0,4.4.2,1
Isoniazid,katG_p.Asp189Gly,1,4.5,2
Isoniazid,katG_p.Gln127Pro,1,1.1.1.1,6
Isoniazid,katG_p.Gln127Pro,0,2.2.1,1
Isoniazid,katG_p.Gln127Pro,1,2.2.1,7
Isoniazid,katG_p.Gln127Pro,1,2.2.1.1,2
Isoniazid,katG_p.Gln127Pro,0,2.2.2,2
Isoniazid,katG_p.Gln127Pro,1,4.1.2.1,2
Isoniazid,katG_p.Gln127Pro,1,4.2.2,1
Isoniazid,katG_p.Gln127Pro,0,4.3.4.2.1,1
Isoniazid,katG_p.Gln127Pro,1,4.9,4
Isoniazid,katG_p.Gln461Pro,0,4.1.2,1
Isoniazid,katG_p.Gln461Pro,0,4.1.2.1,1
Isoniazid,katG_p.Gln461Pro,1,4.1.2.1,1
Isoniazid,katG_p.Gln461Pro,0,4.3.3,1
Isoniazid,katG_p.Gln461Pro,1,4.3.3,2
Isoniazid,katG_p.Gln461Pro,1,4.4.1.1,1
Isoniazid,katG_p.Gln461Pro,1,4.8,2
Isoniazid,katG_p.Gln525Pro,0,2.2.1,1
Isoniazid,katG_p.Gln525Pro,1,2.2.1,4
Isoniazid,katG_p.Gln525Pro,1,3,1
Isoniazid,katG_p.Gln525Pro,1,4.8,1
Isoniazid,katG_p.Gly279Asp,1,2.2.1,3
Isoniazid,katG_p.Gly279Asp,1,4.1.1,1
Isoniazid,katG_p.Gly279Asp,1,4.1.2.1,2
Isoniazid,katG_p.Gly279Asp,1,4.4.2,1
Isoniazid,katG_p.Gly279Asp,1,4.8,1
Isoniazid,katG_p.Gly297Val,1,2.2.1,1
Isoniazid,katG_p.Gly297Val,1,2.2.2,1
Isoniazid,katG_p.Gly297Val,1,3,1
Isoniazid,katG_p.Gly297Val,1,4.1.2.1,1
Isoniazid,katG_p.Gly297Val,0,4.8,1
Isoniazid,katG_p.Gly297Val,1,4.8,2
Isoniazid,katG_p.Gly299Ser,1,2.2.1,1
Isoniazid,katG_p.Gly299Ser,1,2.2.2,1
Isoniazid,katG_p.Gly299Ser,1,3,3
Isoniazid,katG_p.Gly299Ser,1,4.8,1
Isoniazid,katG_p.Gly699Glu,0,3,1
Isoniazid,katG_p.Gly699Glu,1,3,1
Isoniazid,katG_p.Gly699Glu,1,4.4.1.1,5
Isoniazid,katG_p.Gly699Glu,1,4.6.2.2,1
Isoniazid,katG_p.Gly699Glu,1,4.7,1
Isoniazid,katG_p.Gly699Glu,1,4.8,1
Isoniazid,katG_p.Leu141Ser,0,2.2.1,1
Isoniazid,katG_p.Leu141Ser,1,2.2.1,4
Isoniazid,katG_p.Leu141Ser,1,2.2.1.1,2
Isoniazid,katG_p.Leu141Ser,1,3,1
Isoniazid,katG_p.Leu141Ser,1,4.1.2.1,2
Isoniazid,katG_p.Leu141Ser,1,4.5,1
Isoniazid,katG_p.Met257Ile,0,1.1.1,1
Isoniazid,katG_p.Met257Ile,1,4.1.2,1
Isoniazid,katG_p.Met257Ile,1,4.3.2.1,3
Isoniazid,katG_p.Met257Ile,1,4.3.4.2,1
Isoniazid,katG_p.Met257Ile,1,4.4.1.1,1
Isoniazid,katG_p.Met257Ile,1,4.5,2
Isoniazid,katG_p.Met257Ile,1,4.8,1
Isoniazid,katG_p.Pro232Ala,1,2.2.1,1
Isoniazid,katG_p.Pro232Ala,1,3,1
Isoniazid,katG_p.Pro232Ala,1,4.1.2,1
Isoniazid,katG_p.Pro232Ala,1,4.1.2.1,1
Isoniazid,katG_p.Pro232Ala,1,4.5,1
Isoniazid,katG_p.Pro232Ser,1,2.2.1,2
Isoniazid,katG_p.Pro232Ser,1,2.2.2,1
Isoniazid,katG_p.Pro232Ser,1,4.1.2.1,6
Isoniazid,katG_p.Pro232Ser,1,4.3.4.1,1
Isoniazid,katG_p.Pro232Ser,0,4.4.2,1
Isoniazid,katG_p.Pro232Ser,1,4.6.2.2,2
Isoniazid,katG_p.Pro232Ser,1,4.9,1
Isoniazid,katG_p.Ser302Arg,0,2.2.1,1
Isoniazid,katG_p.Ser302Arg,1,2.2.1,1
Isoniazid,katG_p.Ser302Arg,1,4.2.2.1,1
Isoniazid,katG_p.Ser302Arg,1,4.3.4.2,4
Isoniazid,katG_p.Ser302Arg,1,4.8,1
Isoniazid,katG_p.Ser315Gly,1,1.2.2,3
Isoniazid,katG_p.Ser315Gly,1,2.2.1,13
Isoniazid,katG_p.Ser315Gly,1,4.1.1.3,1
Isoniazid,katG_p.Ser315Gly,0,4.1.2.1,1
Isoniazid,katG_p.Ser315Gly,1,4.1.2.1,6
Isoniazid,katG_p.Ser315Gly,1,4.3.1,1
Isoniazid,katG_p.Ser315Gly,1,4.3.4.1,2
Isoniazid,katG_p.Ser315Gly,1,4.4.1.1,1
Isoniazid,katG_p.Ser315Gly,1,4.8,1
Isoniazid,katG_p.Trp161Arg,0,2.2.1,2
Isoniazid,katG_p.Trp161Arg,1,3,2
Isoniazid,katG_p.Trp161Arg,1,4.8,3
Isoniazid,katG_p.Trp191Arg,1,2.2.1,11
Isoniazid,katG_p.Trp191Arg,0,2.2.2,2
Isoniazid,katG_p.Trp191Arg,1,2.2.2,1
Isoniazid,katG_p.Trp191Arg,1,3,5
Isoniazid,katG_p.Trp191Arg,1,3.1.2,1
Isoniazid,katG_p.Trp191Arg,1,4.1.2.1,2
Isoniazid,katG_p.Trp191Arg,1,4.3.2,1
Isoniazid,katG_p.Trp191Arg,1,4.3.3,2
Isoniazid,katG_p.Trp191Arg,1,4.4.1.1,1
Isoniazid,katG_p.Trp191Arg,0,4.8,1
Isoniazid,katG_p.Trp191Arg,1,4.8,3
Isoniazid,katG_p.Tyr155Ser,1,2.2.1,2
Isoniazid,katG_p.Tyr155Ser,1,4.1.1,1
Isoniazid,katG_p.Tyr155Ser,1,4.1.2.1,3
Isoniazid,katG_p.Tyr155Ser,1,4.2.2.1,1
Isoniazid,katG_p.Tyr155Ser,1,4.8,1
Isoniazid,katG_p.Tyr337Cys,1,2.2.1,2
Isoniazid,katG_p.Tyr337Cys,0,3,1
Isoniazid,katG_p.Tyr337Cys,1,3,1
Isoniazid,katG_p.Tyr337Cys,1,4,1
Isoniazid,katG_p.Tyr337Cys,1,4.1.2.1,1
Isoniazid,katG_p.Tyr337Cys,1,4.2.2,1
Isoniazid,katG_p.Tyr337Cys,1,4.3.3,1
Isoniazid,katG_p.Tyr337Cys,1,4.8,1
Kanamycin,whiB7_c.-154C>T,0,2.2.1,1
Kanamycin,whiB7_c.-154C>T,1,2.2.1,4
Levofloxacin,gyrA_p.Ala74Ser,0,2.2.1,1
Levofloxacin,gyrA_p.Ala74Ser,1,2.2.1,7
Levofloxacin,gyrA_p.Ala74Ser,0,4.2.1,1
Levofloxacin,gyrA_p.Ala74Ser,1,4.3.3,1
Levofloxacin,gyrA_p.Asp89Gly,0,2.2.1,1
Levofloxacin,gyrA_p.Asp89Gly,1,2.2.1,3
Levofloxacin,gyrA_p.Asp89Gly,1,2.2.2,1
Levofloxacin,gyrA_p.Asp89Gly,1,4.2.1,1
Levofloxacin,gyrA_p.Asp89Gly,1,4.8,1
Levofloxacin,gyrA_p.Asp89Gly,1,4.9,1
Levofloxacin,gyrA_p.His70Arg,0,2.2.1,2
Levofloxacin,gyrA_p.His70Arg,1,2.2.1,7
Levofloxacin,gyrA_p.His70Arg,1,2.2.1.2,1
Levofloxacin,gyrA_p.His70Arg,0,4.3.3,1
Levofloxacin,gyrA_p.His70Arg,1,4.3.3,2
Levofloxacin,gyrA_p.His70Arg,1,4.3.4.2,1
Levofloxacin,gyrA_p.His70Arg,1,4.4.2,1
Levofloxacin,gyrA_p.Lys636Thr,0,4.8,22
Levofloxacin,gyrA_p.Lys636Thr,1,4.8,23
Levofloxacin,gyrB_p.Arg446Cys,0,2.2.1,12
Levofloxacin,gyrB_p.Arg446Cys,1,2.2.1,4
Levofloxacin,gyrB_p.Arg446Cys,0,2.2.2,1
Levofloxacin,gyrB_p.Arg446Cys,1,2.2.2,2
Levofloxacin,gyrB_p.Arg446Cys,0,3,6
Levofloxacin,gyrB_p.Arg446Cys,1,3,1
Levofloxacin,gyrB_p.Arg446Cys,1,3.1.2,1
Levofloxacin,gyrB_p.Arg446Cys,0,4.1.1.3,1
Levofloxacin,gyrB_p.Arg446Cys,1,4.2.1,1
Levofloxacin,gyrB_p.Arg446Cys,1,4.3.2,1
Levofloxacin,gyrB_p.Arg446Cys,0,4.3.3,3
Levofloxacin,gyrB_p.Arg446Cys,1,4.3.4.2,1
Levofloxacin,gyrB_p.Arg446Cys,0,4.4.2,1
Levofloxacin,gyrB_p.Arg446Cys,1,4.8,6
Levofloxacin,gyrB_p.Asn499Ile,0,2.2.1,1
Levofloxacin,gyrB_p.Asn499Ile,1,2.2.1,3
Levofloxacin,gyrB_p.Asn499Ile,1,4.8,2
Levofloxacin,gyrB_p.Asn499Lys,1,2.2.1,1
Levofloxacin,gyrB_p.Asn499Lys,1,2.2.2,1
Levofloxacin,gyrB_p.Asn499Lys,1,3,1
Levofloxacin,gyrB_p.Asn499Lys,0,4.2.1,1
Levofloxacin,gyrB_p.Asn499Lys,1,4.3.3,1
Levofloxacin,gyrB_p.Asn499Lys,1,4.3.4.2,1
Levofloxacin,gyrB_p.Asn499Lys,0,4.8,1
Levofloxacin,gyrB_p.Asn499Lys,1,4.8,1
Levofloxacin,gyrB_p.Thr500Asn,0,1.1.2,1
Levofloxacin,gyrB_p.Thr500Asn,0,1.2.2,1
Levofloxacin,gyrB_p.Thr500Asn,1,1.2.2,1
Levofloxacin,gyrB_p.Thr500Asn,0,2.2.1,8
Levofloxacin,gyrB_p.Thr500Asn,1,2.2.1,6
Levofloxacin,gyrB_p.Thr500Asn,1,2.2.1.1,1
Levofloxacin,gyrB_p.Thr500Asn,0,3,1
Levofloxacin,gyrB_p.Thr500Asn,1,3,1
Levofloxacin,gyrB_p.Thr500Asn,0,4.2.1,1
Levofloxacin,gyrB_p.Thr500Asn,1,4.3.2,1
Levofloxacin,gyrB_p.Thr500Asn,0,4.3.3,3
Levofloxacin,gyrB_p.Thr500Asn,1,4.3.3,8
Levofloxacin,gyrB_p.Thr500Asn,1,4.8,1
Moxifloxacin,gyrA_p.Ala288Asp,0,1.2.2,1
Moxifloxacin,gyrA_p.Ala288Asp,0,2.2.1,3
Moxifloxacin,gyrA_p.Ala288Asp,1,2.2.1,3
Moxifloxacin,gyrA_p.Ala288Asp,1,2.2.2,2
Moxifloxacin,gyrA_p.Ala288Asp,0,3,5
Moxifloxacin,gyrA_p.Ala288Asp,1,3,4
Moxifloxacin,gyrA_p.Ala288Asp,1,4.1.1.3,1
Moxifloxacin,gyrA_p.Ala288Asp,1,4.3.2.1,2
Moxifloxacin,gyrA_p.His70Arg,0,2.2.1,1
Moxifloxacin,gyrA_p.His70Arg,1,2.2.1,7
Moxifloxacin,gyrA_p.His70Arg,0,2.2.1.2,1
Moxifloxacin,gyrA_p.His70Arg,0,4.3.3,1
Moxifloxacin,gyrA_p.His70Arg,1,4.3.3,1
Moxifloxacin,gyrA_p.His70Arg,1,4.3.4.2,1
Moxifloxacin,gyrB_p.Ala504Thr,0,2.2.1,1
Moxifloxacin,gyrB_p.Ala504Thr,1,2.2.1,7
Moxifloxacin,gyrB_p.Ala504Thr,0,3,1
Moxifloxacin,gyrB_p.Ala504Thr,1,4.3.3,1
Moxifloxacin,gyrB_p.Ala504Thr,0,4.4.1.1,1
Moxifloxacin,gyrB_p.Ala504Thr,1,4.5,1
Moxifloxacin,gyrB_p.Asn499Lys,1,2.2.1,1
Moxifloxacin,gyrB_p.Asn499Lys,1,2.2.2,1
Moxifloxacin,gyrB_p.Asn499Lys,1,3,1
Moxifloxacin,gyrB_p.Asn499Lys,0,4.2.1,1
Moxifloxacin,gyrB_p.Asn499Lys,1,4.2.1,1
Moxifloxacin,gyrB_p.Asn499Lys,0,4.3.3,1
Moxifloxacin,gyrB_p.Asn499Lys,1,4.3.4.2,1
Moxifloxacin,gyrB_p.Thr500Ala,0,2.2.1,1
Moxifloxacin,gyrB_p.Thr500Ala,1,2.2.1,6
Moxifloxacin,gyrB_p.Thr500Ala,0,2.2.1.1,2
Moxifloxacin,gyrB_p.Thr500Ala,1,2.2.1.1,1
Moxifloxacin,gyrB_p.Thr500Ala,0,3,1
Moxifloxacin,gyrB_p.Thr500Ala,1,4,1
Moxifloxacin,gyrB_p.Thr500Ala,1,4.2.2,2
Moxifloxacin,gyrB_p.Thr500Ala,1,4.3.3,1
Moxifloxacin,gyrB_p.Thr500Ala,0,4.8,2
Moxifloxacin,gyrB_p.Thr500Asn,0,1.1.2,1
Moxifloxacin,gyrB_p.Thr500Asn,0,1.2.2,1
Moxifloxacin,gyrB_p.Thr500Asn,1,1.2.2,1
Moxifloxacin,gyrB_p.Thr500Asn,0,2.2.1,5
Moxifloxacin,gyrB_p.Thr500Asn,1,2.2.1,9
Moxifloxacin,gyrB_p.Thr500Asn,1,2.2.1.1,1
Moxifloxacin,gyrB_p.Thr500Asn,0,3,1
Moxifloxacin,gyrB_p.Thr500Asn,1,3,1
Moxifloxacin,gyrB_p.Thr500Asn,1,4.3.2,1
Moxifloxacin,gyrB_p.Thr500Asn,0,4.3.3,3
Moxifloxacin,gyrB_p.Thr500Asn,1,4.3.3,4
Moxifloxacin,gyrB_p.Thr500Asn,1,4.8,1
Pyrazinamide,pncA_p.Asp12His,1,2.2.1,1
Pyrazinamide,pncA_p.Asp12His,1,4.1.2.1,1
Pyrazinamide,pncA_p.Ile6Ser,1,2.2.1,2
Pyrazinamide,pncA_p.Leu156Pro,1,2.2.1,2
Pyrazinamide,pncA_p.Thr160Arg,1,4.1.2.1,1
Pyrazinamide,pncA_p.Thr160Arg,1,4.4.1.1,1
Pyrazinamide,pncA_p.Thr47Asn,1,2.2.1,2
Pyrazinamide,pncA_p.Tyr103Ser,1,2.2.1,2
Rifampicin,rpoB_p.Ile491Leu,1,2.2.1,19
Rifampicin,rpoB_p.Ile491Leu,1,2.2.1.1,1
Rifampicin,rpoB_p.Ile491Leu,1,2.2.1.2,1
Rifampicin,rpoB_p.Ile491Leu,1,3.1.1,1
Rifampicin,rpoB_p.Ile491Leu,1,4.1,2
Rifampicin,rpoB_p.Ile491Leu,1,4.1.2.1,4
Rifampicin,rpoB_p.Ile491Leu,1,4.2.1,1
Rifampicin,rpoB_p.Ile491Leu,1,4.3.3,1
Rifampicin,rpoB_p.Ile491Leu,1,4.9,2
Rifampicin,rpoB_p.Ile491Met,1,1.2.2,2
Rifampicin,rpoB_p.Ile491Met,1,2.1,1
Rifampicin,rpoB_p.Ile491Met,0,2.2.1,1
Rifampicin,rpoB_p.Ile491Met,1,2.2.1,5
Rifampicin,rpoB_p.Ile491Met,1,3,2
Rifampicin,rpoB_p.Ile491Met,1,4.2.1,4
Rifampicin,rpoB_p.Ile491Met,1,4.2.2,1
Rifampicin,rpoB_p.Ile491Met,1,4.3.4.2.1,2
Rifampicin,rpoB_p.Ile491Met,1,4.4.2,1
Rifampicin,rpoB_p.Ile491Met,0,4.5,1
Rifampicin,rpoB_p.Ile491Thr,1,2.2.1,9
Rifampicin,rpoB_p.Phe424Val,1,2.2.1,3
Rifampicin,rpoB_p.Phe424Val,1,3,1
Rifampicin,rpoB_p.Phe424Val,1,4.3.2,1
Rifampicin,rpoB_p.Phe424Val,1,4.3.3,1
Rifampicin,rpoB_p.Phe424Val,1,4.4.1.1,5
Rifampicin,rpoB_p.Phe424Val,1,4.5,1
Rifampicin,rpoB_p.Phe424Val,1,4.6.2.2,3
Rifampicin,rpoB_p.Phe424Val,1,4.7,1
Rifampicin,rpoB_p.Phe424Val,1,4.8,2
Rifampicin,rpoB_p.Ser493Leu,1,2.2.1,2
Rifampicin,rpoB_p.Ser493Leu,1,4.1.1.3,1
Rifampicin,rpoB_p.Ser493Leu,1,4.1.2.1,1
Rifampicin,rpoB_p.Ser493Leu,1,4.2.1,8
Rifampicin,rpoB_p.Ser493Leu,1,4.3.3,3
Rifampicin,rpoB_p.Ser493Leu,1,4.4.2,1
Rifampicin,rpoB_p.Ser493Leu,1,4.8,1
Streptomycin,gid_p.Ala119Asp,0,1.1.1.1,2
Streptomycin,gid_p.Ala119Asp,0,1.1.2,1
Streptomycin,gid_p.Ala119Asp,0,2.2.1,1
Streptomycin,gid_p.Ala119Asp,1,2.2.2,2
Streptomycin,gid_p.Ala119Asp,1,4.1.1.1,1
Streptomycin,gid_p.Ala119Asp,0,4.1.1.3,1
Streptomycin,gid_p.Ala119Asp,1,4.2.1,1
Streptomycin,gid_p.Ala119Asp,0,4.2.2.1,1
Streptomycin,gid_p.Ala119Asp,1,4.2.2.1,1
Streptomycin,gid_p.Ala119Asp,1,4.6,2
Streptomycin,gid_p.Ala119Asp,1,4.8,1
Streptomycin,gid_p.Ala138Glu,1,1.1.1.1,1
Streptomycin,gid_p.Ala138Glu,1,3,1
Streptomycin,gid_p.Ala138Glu,1,4.1,1
Streptomycin,gid_p.Ala138Glu,1,4.1.2,1
Streptomycin,gid_p.Ala138Glu,1,4.1.2.1,5
Streptomycin,gid_p.Ala138Glu,0,4.3.3,2
Streptomycin,gid_p.Ala138Glu,1,4.8,1
Streptomycin,gid_p.Ala138Val,0,1.1.2,2
Streptomycin,gid_p.Ala138Val,1,1.1.2,2
Streptomycin,gid_p.Ala138Val,0,1.1.3,1
Streptomycin,gid_p.Ala138Val,1,1.1.3,2
Streptomycin,gid_p.Ala138Val,0,1.2.1,2
Streptomycin,gid_p.Ala138Val,0,2.2.1,1
Streptomycin,gid_p.Ala138Val,0,2.2.2,1
Streptomycin,gid_p.Ala138Val,0,3,2
Streptomycin,gid_p.Ala138Val,1,3,13
Streptomycin,gid_p.Ala138Val,1,4.1,1
Streptomycin,gid_p.Ala138Val,0,4.1.1,2
Streptomycin,gid_p.Ala138Val,1,4.1.1.1,1
Streptomycin,gid_p.Ala138Val,1,4.1.1.3,2
Streptomycin,gid_p.Ala138Val,0,4.1.2,1
Streptomycin,gid_p.Ala138Val,0,4.1.2.1,4
Streptomycin,gid_p.Ala138Val,1,4.1.2.1,9
Streptomycin,gid_p.Ala138Val,1,4.2.2,1
Streptomycin,gid_p.Ala138Val,1,4.3.2,1
Streptomycin,gid_p.Ala138Val,1,4.3.2.1,1
Streptomycin,gid_p.Ala138Val,0,4.4.1.1,1
Streptomycin,gid_p.Ala138Val,0,4.8,4
Streptomycin,gid_p.Ala138Val,1,4.8,4
Streptomycin,gid_p.Ala161Asp,0,3,1
Streptomycin,gid_p.Ala161Asp,1,3,1
Streptomycin,gid_p.Ala161Asp,1,4.1.2.1,4
Streptomycin,gid_p.Ala167Asp,1,1.1.1,1
Streptomycin,gid_p.Ala167Asp,0,4.1,1
Streptomycin,gid_p.Ala167Asp,1,4.2.2,3
Streptomycin,gid_p.Ala167Asp,0,4.8,2
Streptomycin,gid_p.Ala167Asp,1,4.8,6
Streptomycin,gid_p.Ala19Thr,0,4.1.1.1,1
Streptomycin,gid_p.Ala19Thr,0,4.3.2,1
Streptomycin,gid_p.Ala19Thr,1,4.3.3,1
Streptomycin,gid_p.Ala19Thr,1,4.3.4.1,3
Streptomycin,gid_p.Ala19Thr,1,4.4.1.1,1
Streptomycin,gid_p.Ala80Pro,1,3,2
Streptomycin,gid_p.Ala80Pro,0,4.3.3,1
Streptomycin,gid_p.Ala80Pro,1,4.3.4.2,15
Streptomycin,gid_p.Ala82Pro,0,1.2.1,1
Streptomycin,gid_p.Ala82Pro,1,3,4
Streptomycin,gid_p.Ala82Pro,1,4.3.3,1
Streptomycin,gid_p.Ala82Pro,1,4.5,1
Streptomycin,gid_p.Ala82Pro,1,4.8,1
Streptomycin,gid_p.Arg137Pro,0,1.1.1.1,2
Streptomycin,gid_p.Arg137Pro,0,1.2.2,1
Streptomycin,gid_p.Arg137Pro,1,3,2
Streptomycin,gid_p.Arg137Pro,1,4.1.1,2
Streptomycin,gid_p.Arg137Pro,0,4.1.2.1,1
Streptomycin,gid_p.Arg137Pro,1,4.1.2.1,1
Streptomycin,gid_p.Arg137Pro,1,4.2.1,1
Streptomycin,gid_p.Arg137Trp,0,1.1.1.1,1
Streptomycin,gid_p.Arg137Trp,0,1.2.1,1
Streptomycin,gid_p.Arg137Trp,0,2.2.1.1,2
Streptomycin,gid_p.Arg137Trp,1,2.2.1.1,1
Streptomycin,gid_p.Arg137Trp,1,3,2
Streptomycin,gid_p.Arg137Trp,1,4.1.2,3
Streptomycin,gid_p.Arg137Trp,0,4.1.2.1,2
Streptomycin,gid_p.Arg137Trp,1,4.1.2.1,3
Streptomycin,gid_p.Arg137Trp,1,4.3.3,1
Streptomycin,gid_p.Arg137Trp,0,4.3.4.2,2
Streptomycin,gid_p.Arg137Trp,1,4.3.4.2,8
Streptomycin,gid_p.Arg137Trp,1,4.4.1.1,2
Streptomycin,gid_p.Arg137Trp,1,4.6.2.2,1
Streptomycin,gid_p.Arg137Trp,0,4.7,2
Streptomycin,gid_p.Arg137Trp,0,4.8,1
Streptomycin,gid_p.Arg47Gln,0,1.1.1.1,1
Streptomycin,gid_p.Arg47Gln,0,1.2.1,1
Streptomycin,gid_p.Arg47Gln,0,4.9,1
Streptomycin,gid_p.Arg47Gln,1,4.9,8
Streptomycin,gid_p.Arg83Gly,0,3.1.1,2
Streptomycin,gid_p.Arg83Gly,1,4.1.2,1
Streptomycin,gid_p.Arg83Gly,0,4.3.3,1
Streptomycin,gid_p.Arg83Gly,1,4.3.3,3
Streptomycin,gid_p.Arg83Gly,1,4.4.2,2
Streptomycin,gid_p.Arg83Gly,0,4.8,1
Streptomycin,gid_p.Arg83Pro,0,1.1.1.1,1
Streptomycin,gid_p.Arg83Pro,1,1.1.1.1,1
Streptomycin,gid_p.Arg83Pro,0,1.2.2,2
Streptomycin,gid_p.Arg83Pro,1,2.1,1
Streptomycin,gid_p.Arg83Pro,1,4.1.2.1,1
Streptomycin,gid_p.Arg83Pro,1,4.5,2
Streptomycin,gid_p.Arg83Pro,1,4.7,1
Streptomycin,gid_p.Arg96Cys,0,3,1
Streptomycin,gid_p.Arg96Cys,1,3,1
Streptomycin,gid_p.Arg96Cys,0,4.1.1.3,1
Streptomycin,gid_p.Arg96Cys,0,4.1.2.1,1
Streptomycin,gid_p.Arg96Cys,1,4.1.2.1,1
Streptomycin,gid_p.Arg96Cys,1,4.2.1,1
Streptomycin,gid_p.Arg96Cys,0,4.6.1.2,1
Streptomycin,gid_p.Arg96Cys,0,4.7,1
Streptomycin,gid_p.Arg96Cys,1,4.7,1
Streptomycin,gid_p.Arg96Cys,1,4.8,3
Streptomycin,gid_p.Arg96Leu,0,4.1.2.1,7
Streptomycin,gid_p.Arg96Leu,1,4.1.2.1,11
Streptomycin,gid_p.Arg96Leu,1,4.4.1.1,1
Streptomycin,gid_p.Asn51Lys,0,4.1.2.1,1
Streptomycin,gid_p.Asn51Lys,1,4.1.2.1,4
Streptomycin,gid_p.Asn51Lys,0,4.3.2,6
Streptomycin,gid_p.Asn51Lys,1,4.3.2,2
Streptomycin,gid_p.Asn51Lys,0,4.5,1
Streptomycin,gid_p.Asn51Lys,1,4.6.2.2,3
Streptomycin,gid_p.Asp132Tyr,0,2.2.2,1
Streptomycin,gid_p.Asp132Tyr,0,4.1.1,1
Streptomycin,gid_p.Asp132Tyr,1,4.1.1,13
Streptomycin,gid_p.Asp132Tyr,1,4.3.3,1
Streptomycin,gid_p.Asp67Gly,1,3,2
Streptomycin,gid_p.Asp67Gly,1,4,2
Streptomycin,gid_p.Asp67Gly,0,4.1.2.1,2
Streptomycin,gid_p.Asp67Gly,1,4.1.2.1,2
Streptomycin,gid_p.Asp67Gly,0,4.3.3,12
Streptomycin,gid_p.Asp67Gly,1,4.3.3,56
Streptomycin,gid_p.Asp67Gly,1,4.4.2,1
Streptomycin,gid_p.Asp67Gly,1,4.8,4
Streptomycin,gid_p.Asp85Ala,0,1.1.1.1,1
Streptomycin,gid_p.Asp85Ala,1,3.1.1,1
Streptomycin,gid_p.Asp85Ala,1,4.1.2.1,1
Streptomycin,gid_p.Asp85Ala,1,4.3.3,2
Streptomycin,gid_p.Glu170Lys,0,2.2.2,7
Streptomycin,gid_p.Glu170Lys,1,2.2.2,12
Streptomycin,gid_p.Glu170Lys,1,4.2.2,1
Streptomycin,gid_p.Glu170Lys,1,4.3.2,1
Streptomycin,gid_p.Glu170Lys,0,4.3.4.1,1
Streptomycin,gid_p.Glu170Lys,1,4.8,1
Streptomycin,gid_p.Glu40Lys,1,3,1
Streptomycin,gid_p.Glu40Lys,1,3.1.2,1
Streptomycin,gid_p.Glu40Lys,1,4.1.2.1,1
Streptomycin,gid_p.Glu40Lys,1,4.3.3,1
Streptomycin,gid_p.Glu40Lys,1,4.4.1.1,2
Streptomycin,gid_p.Glu40Lys,1,4.5,1
Streptomycin,gid_p.Glu40Lys,1,4.7,1
Streptomycin,gid_p.Glu92Gly,1,2.2.1,1
Streptomycin,gid_p.Glu92Gly,1,3,3
Streptomycin,gid_p.Glu92Gly,1,3.1.1,1
Streptomycin,gid_p.Glu92Gly,0,4.3.2,1
Streptomycin,gid_p.Glu92Gly,1,4.3.2,1
Streptomycin,gid_p.Glu92Lys,1,1.1.3,1
Streptomycin,gid_p.Glu92Lys,1,4.1.2.1,1
Streptomycin,gid_p.Glu92Lys,1,4.3.4.1,2
Streptomycin,gid_p.Gly164Asp,0,1.1.1,1
Streptomycin,gid_p.Gly164Asp,1,1.1.3,1
Streptomycin,gid_p.Gly164Asp,1,2.2.1,1
Streptomycin,gid_p.Gly164Asp,1,4.4,1
Streptomycin,gid_p.Gly164Asp,1,4.4.1.2,1
Streptomycin,gid_p.Gly164Asp,1,4.8,1
Streptomycin,gid_p.Gly30Asp,0,1.1.3,1
Streptomycin,gid_p.Gly30Asp,1,1.2.1,1
Streptomycin,gid_p.Gly30Asp,1,2.2.1,3
Streptomycin,gid_p.Gly30Asp,0,3,1
Streptomycin,gid_p.Gly30Asp,1,3,1
Streptomycin,gid_p.Gly30Asp,0,4.1.1.1,1
Streptomycin,gid_p.Gly30Asp,1,4.2.1,1
Streptomycin,gid_p.Gly30Asp,1,4.6,1
Streptomycin,gid_p.Gly34Trp,0,4.1.2.1,4
Streptomycin,gid_p.Gly34Trp,1,4.1.2.1,8
Streptomycin,gid_p.Gly34Trp,1,4.4.1.1,1
Streptomycin,gid_p.Gly34Val,0,3,1
Streptomycin,gid_p.Gly34Val,0,4.1.2.1,2
Streptomycin,gid_p.Gly34Val,1,4.1.2.1,2
Streptomycin,gid_p.Gly34Val,0,4.3.4.1,2
Streptomycin,gid_p.Gly34Val,1,4.3.4.1,8
Streptomycin,gid_p.Gly37Ala,0,1.1.2,1
Streptomycin,gid_p.Gly37Ala,0,1.1.3,2
Streptomycin,gid_p.Gly37Ala,1,3.1.2.1,1
Streptomycin,gid_p.Gly37Ala,0,4.1.2.1,8
Streptomycin,gid_p.Gly37Ala,1,4.1.2.1,13
Streptomycin,gid_p.Gly37Ala,0,4.5,1
Streptomycin,gid_p.Gly37Arg,1,1.1.2,1
Streptomycin,gid_p.Gly37Arg,1,1.1.3,1
Streptomycin,gid_p.Gly37Arg,1,3,2
Streptomycin,gid_p.Gly37Arg,0,4.1.2.1,2
Streptomycin,gid_p.Gly37Arg,1,4.1.2.1,16
Streptomycin,gid_p.Gly37Arg,1,4.3.3,2
Streptomycin,gid_p.Gly37Arg,0,4.3.4.1,1
Streptomycin,gid_p.Gly37Arg,1,4.5,1
Streptomycin,gid_p.Gly37Arg,0,4.6.1.1,2
Streptomycin,gid_p.Gly37Arg,0,4.6.1.2,9
Streptomycin,gid_p.Gly37Arg,1,4.6.1.2,11
Streptomycin,gid_p.Gly37Arg,0,4.8,1
Streptomycin,gid_p.Gly37Arg,1,4.8,1
Streptomycin,gid_p.Gly37Glu,1,3,1
Streptomycin,gid_p.Gly37Glu,1,4.1.2.1,1
Streptomycin,gid_p.Gly37Glu,1,4.3.4.2,1
Streptomycin,gid_p.Gly37Glu,0,4.8,1
Streptomycin,gid_p.Gly37Glu,1,5,1
Streptomycin,gid_p.Gly37Val,1,4.3.4.2.1,2
Streptomycin,gid_p.Gly37Val,0,4.6.1.2,1
Streptomycin,gid_p.Gly37Val,1,4.6.1.2,13
Streptomycin,gid_p.Gly69Asp,1,3,1
Streptomycin,gid_p.Gly69Asp,0,4.1,1
Streptomycin,gid_p.Gly69Asp,1,4.1.1.3,2
Streptomycin,gid_p.Gly69Asp,1,4.1.2.1,2
Streptomycin,gid_p.Gly69Asp,0,4.2.2,3
Streptomycin,gid_p.Gly69Asp,1,4.2.2,7
Streptomycin,gid_p.Gly69Asp,1,4.3.2,1
Streptomycin,gid_p.Gly73Arg,0,1.1.1.1,1
Streptomycin,gid_p.Gly73Arg,0,3,3
Streptomycin,gid_p.Gly73Arg,1,3,2
Streptomycin,gid_p.Gly73Arg,0,4.3.3,26
Streptomycin,gid_p.Gly73Arg,1,4.3.3,46
Streptomycin,gid_p.Gly76Asp,1,4.1.1.3,2
Streptomycin,gid_p.Gly76Asp,1,4.1.2.1,3
Streptomycin,gid_p.Gly76Asp,0,4.5,1
Streptomycin,gid_p.His48Tyr,0,1.1.1.1,1
Streptomycin,gid_p.His48Tyr,0,1.2.1,1
Streptomycin,gid_p.His48Tyr,0,3,1
Streptomycin,gid_p.His48Tyr,1,3,2
Streptomycin,gid_p.His48Tyr,0,4.1,1
Streptomycin,gid_p.His48Tyr,0,4.1.1.1,1
Streptomycin,gid_p.His48Tyr,0,4.3.4.2,1
Streptomycin,gid_p.His48Tyr,1,4.3.4.2,4
Streptomycin,gid_p.His48Tyr,1,4.5,1
Streptomycin,gid_p.His48Tyr,1,4.8,1
Streptomycin,gid_p.Leu152Ser,0,4.3.3,1
Streptomycin,gid_p.Leu152Ser,1,4.3.3,3
Streptomycin,gid_p.Leu152Ser,0,4.4.1.1,1
Streptomycin,gid_p.Leu152Ser,1,4.4.1.1,2
Streptomycin,gid_p.Leu26Phe,1,1.1.3,1
Streptomycin,gid_p.Leu26Phe,0,1.2.2,1
Streptomycin,gid_p.Leu26Phe,0,3,1
Streptomycin,gid_p.Leu26Phe,0,4.1.2.1,4
Streptomycin,gid_p.Leu26Phe,1,4.1.2.1,3
Streptomycin,gid_p.Leu26Phe,1,4.3.4.2,1
Streptomycin,gid_p.Leu26Phe,0,4.3.4.2.1,1
Streptomycin,gid_p.Leu26Phe,1,4.3.4.2.1,2
Streptomycin,gid_p.Leu26Phe,1,4.8,1
Streptomycin,gid_p.Leu50Arg,0,4.3.4.2,35
Streptomycin,gid_p.Leu50Arg,1,4.3.4.2,33
Streptomycin,gid_p.Leu79Ser,0,1.1.1,1
Streptomycin,gid_p.Leu79Ser,1,1.1.1,1
Streptomycin,gid_p.Leu79Ser,0,1.1.1.1,1
Streptomycin,gid_p.Leu79Ser,0,1.1.2,2
Streptomycin,gid_p.Leu79Ser,0,1.1.3,1
Streptomycin,gid_p.Leu79Ser,1,2.2.1,2
Streptomycin,gid_p.Leu79Ser,0,2.2.2,4
Streptomycin,gid_p.Leu79Ser,1,2.2.2,48
Streptomycin,gid_p.Leu79Ser,0,3,8
Streptomycin,gid_p.Leu79Ser,1,3,4
Streptomycin,gid_p.Leu79Ser,1,3.1.2,1
Streptomycin,gid_p.Leu79Ser,0,4.1,4
Streptomycin,gid_p.Leu79Ser,1,4.1,19
Streptomycin,gid_p.Leu79Ser,1,4.1.2,2
Streptomycin,gid_p.Leu79Ser,0,4.1.2.1,4
Streptomycin,gid_p.Leu79Ser,1,4.1.2.1,2
Streptomycin,gid_p.Leu79Ser,1,4.2.1,1
Streptomycin,gid_p.Leu79Ser,0,4.2.2,1
Streptomycin,gid_p.Leu79Ser,0,4.4,1
Streptomycin,gid_p.Leu79Ser,1,4.4.2,1
Streptomycin,gid_p.Leu79Ser,1,4.8,4
Streptomycin,gid_p.Leu79Trp,1,1.1.1.1,1
Streptomycin,gid_p.Leu79Trp,1,1.1.3,1
Streptomycin,gid_p.Leu79Trp,0,1.2.1,1
Streptomycin,gid_p.Leu79Trp,0,2.2.1,1
Streptomycin,gid_p.Leu79Trp,0,3,2
Streptomycin,gid_p.Leu79Trp,1,3,2
Streptomycin,gid_p.Leu79Trp,0,4,21
Streptomycin,gid_p.Leu79Trp,1,4,39
Streptomycin,gid_p.Leu79Trp,0,4.1.2.1,1
Streptomycin,gid_p.Leu79Trp,1,4.1.2.1,6
Streptomycin,gid_p.Leu79Trp,0,4.3.2,2
Streptomycin,gid_p.Leu79Trp,0,4.3.4.2,1
Streptomycin,gid_p.Leu90Arg,0,3,2
Streptomycin,gid_p.Leu90Arg,1,3,1
Streptomycin,gid_p.Leu90Arg,1,3.1.1,1
Streptomycin,gid_p.Leu90Arg,0,4.1.1.3,20
Streptomycin,gid_p.Leu90Arg,1,4.1.1.3,25
Streptomycin,gid_p.Leu90Arg,0,4.1.2.1,1
Streptomycin,gid_p.Leu90Arg,1,4.3.4.2.1,1
Streptomycin,gid_p.Leu91Arg,1,1.1.1,1
Streptomycin,gid_p.Leu91Arg,1,2.1,1
Streptomycin,gid_p.Leu91Arg,1,3,1
Streptomycin,gid_p.Leu91Arg,0,4.1.1.3,1
Streptomycin,gid_p.Leu91Arg,0,4.4.1.2,1
Streptomycin,gid_p.Leu91Arg,1,4.8,1
Streptomycin,gid_p.Leu91Pro,0,1.2.1,1
Streptomycin,gid_p.Leu91Pro,1,4.1.2.1,1
Streptomycin,gid_p.Leu91Pro,1,4.3.4.1,1
Streptomycin,gid_p.Leu91Pro,1,4.6.1.2,11
Streptomycin,gid_p.Leu91Pro,1,4.8,3
Streptomycin,gid_p.Phe100Val,0,4.3.3,2
Streptomycin,gid_p.Phe100Val,1,4.3.3,6
Streptomycin,gid_p.Phe100Val,0,4.3.4.2.1,1
Streptomycin,gid_p.Phe100Val,1,4.3.4.2.1,4
Streptomycin,gid_p.Pro75Arg,1,1.1.1.1,1
Streptomycin,gid_p.Pro75Arg,0,2.2.2,2
Streptomycin,gid_p.Pro75Arg,1,2.2.2,1
Streptomycin,gid_p.Pro75Arg,1,3,2
Streptomycin,gid_p.Pro75Arg,1,4.2.2.1,4
Streptomycin,gid_p.Pro75Arg,1,4.3.3,3
Streptomycin,gid_p.Pro75Leu,1,1.1.1,1
Streptomycin,gid_p.Pro75Leu,1,1.1.3,3
Streptomycin,gid_p.Pro75Leu,0,1.2.1,1
Streptomycin,gid_p.Pro75Leu,1,1.2.2,1
Streptomycin,gid_p.Pro75Leu,0,2.2.2,1
Streptomycin,gid_p.Pro75Leu,1,3,1
Streptomycin,gid_p.Pro75Leu,1,4.1.2.1,2
Streptomycin,gid_p.Pro75Leu,1,4.7,1
Streptomycin,gid_p.Pro75Leu,0,4.8,1
Streptomycin,gid_p.Pro75Ser,0,1.1.1.1,2
Streptomycin,gid_p.Pro75Ser,1,1.1.1.1,1
Streptomycin,gid_p.Pro75Ser,1,1.1.2,1
Streptomycin,gid_p.Pro75Ser,0,1.1.3,1
Streptomycin,gid_p.Pro75Ser,1,1.1.3,1
Streptomycin,gid_p.Pro75Ser,0,1.2.2,1
Streptomycin,gid_p.Pro75Ser,1,3.1.2,2
Streptomycin,gid_p.Pro75Ser,0,4.1.1,5
Streptomycin,gid_p.Pro75Ser,1,4.1.1,6
Streptomycin,gid_p.Pro75Ser,1,4.1.1.3,1
Streptomycin,gid_p.Pro75Ser,0,4.1.2.1,2
Streptomycin,gid_p.Pro75Ser,1,4.1.2.1,2
Streptomycin,gid_p.Pro75Ser,1,4.2.1,2
Streptomycin,gid_p.Pro75Ser,1,4.2.2,1
Streptomycin,gid_p.Pro75Ser,1,4.3.3,1
Streptomycin,gid_p.Pro75Ser,0,4.6.1.2,2
Streptomycin,gid_p.Pro75Ser,1,4.6.1.2,2
Streptomycin,gid_p.Pro75Ser,0,4.7,1
Streptomycin,gid_p.Pro75Ser,0,4.8,1
Streptomycin,gid_p.Pro75Ser,1,4.8,1
Streptomycin,gid_p.Ser149Arg,1,1.1,1
Streptomycin,gid_p.Ser149Arg,0,1.1.1,1
Streptomycin,gid_p.Ser149Arg,0,1.1.3,1
Streptomycin,gid_p.Ser149Arg,1,1.1.3,1
Streptomycin,gid_p.Ser149Arg,0,1.2.1,1
Streptomycin,gid_p.Ser149Arg,0,3,6
Streptomycin,gid_p.Ser149Arg,1,3,6
Streptomycin,gid_p.Ser149Arg,1,4.1.1.3,2
Streptomycin,gid_p.Ser149Arg,0,4.1.2.1,2
Streptomycin,gid_p.Ser149Arg,1,4.1.2.1,2
Streptomycin,gid_p.Ser149Arg,0,4.2.2,1
Streptomycin,gid_p.Ser149Arg,1,4.2.2,1
Streptomycin,gid_p.Ser149Arg,1,4.3.3,1
Streptomycin,gid_p.Ser149Arg,1,4.3.4.2,3
Streptomycin,gid_p.Ser149Arg,0,4.4.2,2
Streptomycin,gid_p.Ser149Arg,0,4.7,1
Streptomycin,gid_p.Ser149Arg,1,4.8,9
Streptomycin,gid_p.Ser70Arg,0,1.1.1.1,2
Streptomycin,gid_p.Ser70Arg,1,1.1.2,2
Streptomycin,gid_p.Ser70Arg,0,1.1.3,1
Streptomycin,gid_p.Ser70Arg,1,1.1.3,3
Streptomycin,gid_p.Ser70Arg,1,1.2.2,1
Streptomycin,gid_p.Ser70Arg,0,2.2.1,1
Streptomycin,gid_p.Ser70Arg,0,3,3
Streptomycin,gid_p.Ser70Arg,1,3,4
Streptomycin,gid_p.Ser70Arg,0,3.1.1,1
Streptomycin,gid_p.Ser70Arg,0,4.1.2.1,1
Streptomycin,gid_p.Ser70Arg,1,4.1.2.1,4
Streptomycin,gid_p.Ser70Arg,1,4.3.2,2
Streptomycin,gid_p.Ser70Arg,1,4.4.2,1
Streptomycin,gid_p.Ser70Arg,1,4.6.2.2,4
Streptomycin,gid_p.Ser70Arg,1,4.7,1
Streptomycin,gid_p.Ser70Arg,0,4.8,4
Streptomycin,gid_p.Ser70Arg,1,4.8,1
Streptomycin,gid_p.Thr146Lys,1,1.1.1.1,1
Streptomycin,gid_p.Thr146Lys,1,2.2.2,1
Streptomycin,gid_p.Thr146Lys,0,4.1.2.1,1
Streptomycin,gid_p.Thr146Lys,1,4.1.2.1,2
Streptomycin,gid_p.Thr146Lys,1,4.5,1
Streptomycin,gid_p.Thr146Lys,0,4.8,1
Streptomycin,gid_p.Thr146Lys,1,4.8,1
Streptomycin,gid_p.Trp45Arg,1,1.1.1.1,1
Streptomycin,gid_p.Trp45Arg,0,4.1.2.1,2
Streptomycin,gid_p.Trp45Arg,1,4.8,10
Streptomycin,gid_p.Val124Ala,1,1.1.3,1
Streptomycin,gid_p.Val124Ala,1,4.3.3,1
Streptomycin,gid_p.Val124Ala,0,4.3.4.2,3
Streptomycin,gid_p.Val124Ala,1,4.3.4.2,7
Streptomycin,gid_p.Val135Gly,1,4.2.1,2
Streptomycin,gid_p.Val135Gly,0,4.7,3
Streptomycin,gid_p.Val135Gly,1,4.7,4
Streptomycin,gid_p.Val36Gly,0,3,2
Streptomycin,gid_p.Val36Gly,0,3.1.1,1
Streptomycin,gid_p.Val36Gly,0,4.8,1
Streptomycin,gid_p.Val36Gly,1,4.8,8
Streptomycin,gid_p.Val65Ala,0,4.2.2.1,10
Streptomycin,gid_p.Val65Ala,1,4.2.2.1,22
Streptomycin,gid_p.Val65Ala,0,4.3.3,3
Streptomycin,gid_p.Val65Ala,1,4.3.3,3
Streptomycin,gid_p.Val65Gly,0,1.1.1,1
Streptomycin,gid_p.Val65Gly,0,1.1.1.1,3
Streptomycin,gid_p.Val65Gly,1,1.1.1.1,1
Streptomycin,gid_p.Val65Gly,0,1.1.2,1
Streptomycin,gid_p.Val65Gly,0,1.2.1,1
Streptomycin,gid_p.Val65Gly,1,1.2.1,1
Streptomycin,gid_p.Val65Gly,1,1.2.2,1
Streptomycin,gid_p.Val65Gly,1,2.1,1
Streptomycin,gid_p.Val65Gly,0,3,1
Streptomycin,gid_p.Val65Gly,0,3.1.1,1
Streptomycin,gid_p.Val65Gly,0,4.1.2,1
Streptomycin,gid_p.Val65Gly,1,4.1.2.1,2
Streptomycin,gid_p.Val65Gly,1,4.2.2,1
Streptomycin,gid_p.Val65Gly,1,4.3.4.2.1,1
Streptomycin,gid_p.Val65Gly,1,4.4.1.1,2
Streptomycin,gid_p.Val65Gly,0,4.4.2,2
Streptomycin,gid_p.Val65Gly,1,4.8,1
Streptomycin,gid_p.Val77Ala,0,1.1.3,1
Streptomycin,gid_p.Val77Ala,0,1.2.1,1
Streptomycin,gid_p.Val77Ala,1,2.2.2,1
Streptomycin,gid_p.Val77Ala,1,4.1.1,1
Streptomycin,gid_p.Val77Ala,1,4.1.2,1
Streptomycin,gid_p.Val77Ala,1,4.1.2.1,8
Streptomycin,gid_p.Val77Ala,0,4.2.1,2
Streptomycin,gid_p.Val77Ala,1,4.2.1,5
Streptomycin,gid_p.Val77Ala,1,4.3.3,1
Streptomycin,gid_p.Val77Ala,0,4.3.4.2,1
Streptomycin,gid_p.Val77Ala,1,4.3.4.2,1
Streptomycin,gid_p.Val77Ala,1,5,1
Streptomycin,gid_p.Val77Gly,0,1.1.1.1,1
Streptomycin,gid_p.Val77Gly,1,1.1.2,1
Streptomycin,gid_p.Val77Gly,0,1.2.1,1
Streptomycin,gid_p.Val77Gly,1,2.1,1
Streptomycin,gid_p.Val77Gly,1,3,2
Streptomycin,gid_p.Val77Gly,0,4.3.3,38
Streptomycin,gid_p.Val77Gly,1,4.3.3,22
Streptomycin,gid_p.Val88Ala,0,1.1.1.1,2
Streptomycin,gid_p.Val88Ala,1,1.1.1.1,1
Streptomycin,gid_p.Val88Ala,1,1.2.2,1
Streptomycin,gid_p.Val88Ala,0,3.1.2,2
Streptomycin,gid_p.Val88Ala,1,4.4.2,1
Streptomycin,gid_p.Val88Ala,1,4.8,1
Streptomycin,rpsL_c.-139C>A,0,4.1,23
Streptomycin,rpsL_c.-139C>A,1,4.1,28
Streptomycin,rpsL_p.Lys88Thr,1,1.1.1.1,5
Streptomycin,rpsL_p.Lys88Thr,1,1.2.2,1
Streptomycin,rpsL_p.Lys88Thr,1,2.2.1,1
Streptomycin,rpsL_p.Lys88Thr,1,2.2.2,1
Streptomycin,rpsL_p.Lys88Thr,1,3,2
Streptomycin,rpsL_p.Lys88Thr,1,4,3
Streptomycin,rpsL_p.Lys88Thr,1,4.2.2,1
Streptomycin,rpsL_p.Lys88Thr,0,4.3.3,3
Streptomycin,rpsL_p.Lys88Thr,1,4.3.3,52
Streptomycin,rpsL_p.Lys88Thr,1,4.3.4.2,3
Streptomycin,rpsL_p.Lys88Thr,1,4.6.1.2,1
Streptomycin,rpsL_p.Lys88Thr,1,4.6.2.2,1
Streptomycin,rpsL_p.Lys88Thr,1,4.7,1
Streptomycin,rrs_n.1401A>G,0,1.1.2,1
Streptomycin,rrs_n.1401A>G,1,1.1.2,3
Streptomycin,rrs_n.1401A>G,0,1.2.2,1
Streptomycin,rrs_n.1401A>G,1,1.2.2,1
Streptomycin,rrs_n.1401A>G,0,2.1,4
Streptomycin,rrs_n.1401A>G,1,2.1,5
Streptomycin,rrs_n.1401A>G,0,2.2.1,37
Streptomycin,rrs_n.1401A>G,1,2.2.1,654
Streptomycin,rrs_n.1401A>G,1,2.2.1.1,12
Streptomycin,rrs_n.1401A>G,1,2.2.1.2,1
Streptomycin,rrs_n.1401A>G,0,2.2.2,2
Streptomycin,rrs_n.1401A>G,1,2.2.2,39
Streptomycin,rrs_n.1401A>G,0,3,4
Streptomycin,rrs_n.1401A>G,1,3,25
Streptomycin,rrs_n.1401A>G,1,3.1.1,2
Streptomycin,rrs_n.1401A>G,1,3.1.2,1
Streptomycin,rrs_n.1401A>G,0,4,3
Streptomycin,rrs_n.1401A>G,1,4,16
Streptomycin,rrs_n.1401A>G,0,4.1,1
Streptomycin,rrs_n.1401A>G,0,4.1.1,3
Streptomycin,rrs_n.1401A>G,1,4.1.1,4
Streptomycin,rrs_n.1401A>G,0,4.1.1.1,1
Streptomycin,rrs_n.1401A>G,0,4.1.1.3,8
Streptomycin,rrs_n.1401A>G,1,4.1.1.3,18
Streptomycin,rrs_n.1401A>G,1,4.1.2,2
Streptomycin,rrs_n.1401A>G,0,4.1.2.1,14
Streptomycin,rrs_n.1401A>G,1,4.1.2.1,63
Streptomycin,rrs_n.1401A>G,0,4.2.1,4
Streptomycin,rrs_n.1401A>G,1,4.2.1,37
Streptomycin,rrs_n.1401A>G,0,4.2.2,1
Streptomycin,rrs_n.1401A>G,1,4.2.2,2
Streptomycin,rrs_n.1401A>G,0,4.2.2.1,1
Streptomycin,rrs_n.1401A>G,1,4.2.2.1,12
Streptomycin,rrs_n.1401A>G,0,4.3.2,1
Streptomycin,rrs_n.1401A>G,1,4.3.2.1,1
Streptomycin,rrs_n.1401A>G,0,4.3.3,31
Streptomycin,rrs_n.1401A>G,1,4.3.3,115
Streptomycin,rrs_n.1401A>G,0,4.3.4.1,1
Streptomycin,rrs_n.1401A>G,1,4.3.4.1,5
Streptomycin,rrs_n.1401A>G,0,4.3.4.2,6
Streptomycin,rrs_n.1401A>G,1,4.3.4.2,20
Streptomycin,rrs_n.1401A>G,0,4.4.1.1,2
Streptomycin,rrs_n.1401A>G,1,4.4.1.1,2
Streptomycin,rrs_n.1401A>G,1,4.4.1.2,1
Streptomycin,rrs_n.1401A>G,0,4.4.2,1
Streptomycin,rrs_n.1401A>G,1,4.4.2,2
Streptomycin,rrs_n.1401A>G,0,4.5,2
Streptomycin,rrs_n.1401A>G,1,4.6.1.2,1
Streptomycin,rrs_n.1401A>G,1,4.7,2
Streptomycin,rrs_n.1401A>G,0,4.8,13
Streptomycin,rrs_n.1401A>G,1,4.8,82
Streptomycin,rrs_n.1401A>G,1,4.9,4
Streptomycin,rrs_n.1401A>G,1,BOV_AFRI,2
Streptomycin,rrs_n.513C>T,1,1.2.2,1
Streptomycin,rrs_n.513C>T,0,2.2.1,1
Streptomycin,rrs_n.513C>T,1,2.2.1,4
Streptomycin,rrs_n.513C>T,0,4.1.1,1
Streptomycin,rrs_n.513C>T,1,4.1.1,11
Streptomycin,rrs_n.513C>T,1,4.3.4.2,2
Streptomycin,rrs_n.513C>T,1,4.4.1.1,1
Streptomycin,rrs_n.513C>T,1,4.9,1
Streptomycin,rrs_n.514A>T,1,1.2.2,1
Streptomycin,rrs_n.514A>T,0,2.2.1,1
Streptomycin,rrs_n.514A>T,1,2.2.1,1
Streptomycin,rrs_n.514A>T,0,2.2.1.1,1
Streptomycin,rrs_n.514A>T,0,3,1
Streptomycin,rrs_n.514A>T,1,3,2
Streptomycin,rrs_n.514A>T,1,3.1.2,1
Streptomycin,rrs_n.514A>T,0,4,2
Streptomycin,rrs_n.514A>T,1,4,1
Streptomycin,rrs_n.514A>T,0,4.1.2.1,1
Streptomycin,rrs_n.514A>T,1,4.1.2.1,2
Streptomycin,rrs_n.514A>T,1,4.3.4,1
Streptomycin,rrs_n.514A>T,1,4.8,5
Streptomycin,rrs_n.905C>A,1,1.1.3,1
Streptomycin,rrs_n.905C>A,1,4,1
Streptomycin,rrs_n.905C>A,1,4.1.2.1,2
Streptomycin,rrs_n.905C>A,1,4.4.1.1,2
Streptomycin,rrs_n.905C>G,0,1.1.1,1
Streptomycin,rrs_n.905C>G,1,1.1.3,3
Streptomycin,rrs_n.905C>G,1,1.2.2,1
Streptomycin,rrs_n.905C>G,1,2.2.1,1
Streptomycin,rrs_n.905C>G,1,3,1
Streptomycin,rrs_n.905C>G,0,4.3.3,1
Streptomycin,rrs_n.905C>G,1,4.4.1.1,1
Streptomycin,rrs_n.906A>G,1,1.1.3,2
Streptomycin,rrs_n.906A>G,1,1.2.1,2
Streptomycin,rrs_n.906A>G,1,1.2.2,2
Streptomycin,rrs_n.906A>G,0,2.2.1,1
Streptomycin,rrs_n.906A>G,1,2.2.1,5
Streptomycin,rrs_n.906A>G,1,2.2.1.2,1
Streptomycin,rrs_n.906A>G,1,2.2.2,5
Streptomycin,rrs_n.906A>G,0,3,2
Streptomycin,rrs_n.906A>G,1,3,13
Streptomycin,rrs_n.906A>G,1,3.1.1,1
Streptomycin,rrs_n.906A>G,1,4.1.1,1
Streptomycin,rrs_n.906A>G,0,4.1.2.1,8
Streptomycin,rrs_n.906A>G,1,4.1.2.1,18
Streptomycin,rrs_n.906A>G,1,4.2.2,1
Streptomycin,rrs_n.906A>G,1,4.3.3,1
Streptomycin,rrs_n.906A>G,1,4.3.4.1,1
Streptomycin,rrs_n.906A>G,0,4.3.4.2,1
Streptomycin,rrs_n.906A>G,1,4.3.4.2.1,2
Streptomycin,rrs_n.906A>G,1,4.4,1
Streptomycin,rrs_n.906A>G,1,4.5,1
Streptomycin,rrs_n.906A>G,1,4.8,5
Streptomycin,rrs_n.906A>G,1,4.9,3
Streptomycin,rrs_n.908A>C,1,1.1.1.1,1
Streptomycin,rrs_n.908A>C,1,1.2.1,3
Streptomycin,rrs_n.908A>C,1,1.2.2,2
Streptomycin,rrs_n.908A>C,1,2.2.2,2
Streptomycin,rrs_n.908A>C,0,3,1
Streptomycin,rrs_n.908A>C,1,3,4
Streptomycin,rrs_n.908A>C,0,4.1.2.1,1
Streptomycin,rrs_n.908A>C,1,4.1.2.1,3
Streptomycin,rrs_n.908A>C,1,4.2.1,1
Streptomycin,rrs_n.908A>C,1,4.2.2,1
Streptomycin,rrs_n.908A>C,1,4.3.3,2
Streptomycin,rrs_n.908A>C,1,4.5,2
Streptomycin,rrs_n.908A>C,1,4.6.1.2,1
Streptomycin,rrs_n.908A>C,0,4.8,2
Streptomycin,whiB7_c.-80A>C,1,2.2.1,45
Streptomycin,whiB7_c.-80A>C,0,2.2.2,1
Streptomycin,whiB7_c.-80A>C,0,4.1.1.3,1
Streptomycin,whiB7_c.-80A>C,1,4.2.1,2
Streptomycin,whiB7_c.-80A>C,1,4.3.2,2
Streptomycin,whiB7_c.-80A>C,0,4.3.3,1
Streptomycin,whiB7_c.-80A>C,1,4.3.3,4
Streptomycin,whiB7_c.-80A>C,1,4.3.4.2,2
