Drug,mutation,ALL_Odds_Ratio,REGRESSION FINAL CONFIDENCE GRADING,SOLO INITIAL CONFIDENCE GRADING,SOLO FINAL CONFIDENCE GRADING,Present_SOLO_R,Present_SOLO_S,MIC_coef,MIC_BH_pval
Amikacin,eis_p.His150fs,0.8803863579495288,Assoc w S,3) Uncertain significance,3) Uncertain significance,0.0,0.0,-0.04763999425777,0.0
Amikacin,eis_p.Met1?,0.9192723298502328,Assoc w S,3) Uncertain significance,3) Uncertain significance,0.0,0.0,-0.0328583997501198,0.0
Amikacin,eis_c.-9T>C,0.930727533754852,Assoc w S - Interim,3) Uncertain significance,3) Uncertain significance,0.0,0.0,-0.037032801059901,0.0
Bedaquiline,mmpL5_LoF,0.8881523959830655,Assoc w S - Interim,3) Uncertain significance,3) Uncertain significance,0.0,209.0,-0.3236640621255205,0.0
Bedaquiline,mmpL5_p.Arg202fs,0.9151582215592902,Assoc w S - Interim,3) Uncertain significance,3) Uncertain significance,0.0,0.0,-0.2176647064268547,0.0
Capreomycin,rrs_n.517C>T,0.8889772683326006,Assoc w S,5) Not assoc w R,5) Not assoc w R,17.0,436.0,-0.0547669093180078,0.4074285714285714
Clofazimine,Rv1979c_c.-50A>C,0.906948829095991,Assoc w S - Interim,3) Uncertain significance,3) Uncertain significance,0.0,52.0,-0.0643404132821708,0.0
Clofazimine,mmpL5_p.Asp767Asn,0.9126735759411436,Assoc w S - Interim,5) Not assoc w R,5) Not assoc w R,0.0,0.0,-0.089274856878179,0.0
Clofazimine,Rv1979c_c.-389C>A,0.9195570601814456,Assoc w S - Interim,5) Not assoc w R,5) Not assoc w R,0.0,0.0,-0.0286165489580248,0.0816923076923076
Clofazimine,mmpL5_p.Ile948Val,0.9250780657063512,Assoc w S - Interim,5) Not assoc w R,5) Not assoc w R,1.0,49.0,-0.0147765644545586,0.3325763688760807
Ethambutol,embC_c.-1803G>C,0.9443785256197283,Assoc w S - Interim,5) Not assoc w R,5) Not assoc w R,0.0,69.0,-0.0045745844431441,0.5166118980169973
Ethambutol,embC_c.-589C>G,0.9560157664869816,Assoc w S - Interim,5) Not assoc w R,5) Not assoc w R,0.0,0.0,0.0038450144160929,0.5166118980169973
Ethambutol,embA_p.Arg404Gln,0.9563372799375088,Assoc w S - Interim,3) Uncertain significance,3) Uncertain significance,0.0,0.0,-0.0155584697807143,0.5166118980169973
Isoniazid,katG_p.Arg463Leu,0.7951389467498022,Assoc w S,5) Not assoc w R,5) Not assoc w R,327.0,7029.0,-0.1540138853248203,0.397425
Isoniazid,katG_c.-507C>G,0.8247413992509983,Assoc w S - Interim,3) Uncertain significance,3) Uncertain significance,0.0,1.0,-0.0382532197009742,0.4756020942408376
Kanamycin,eis_p.His150fs,0.8761825123415242,Assoc w S - Interim,3) Uncertain significance,3) Uncertain significance,0.0,0.0,-0.0740566554737229,0.0
Kanamycin,eis_p.Met1?,0.8980195106852187,Assoc w S - Interim,3) Uncertain significance,3) Uncertain significance,0.0,0.0,-0.0495814102405553,0.0
Kanamycin,eis_LoF,0.9287230386411832,Assoc w S - Interim,3) Uncertain significance,3) Uncertain significance,5.0,158.0,-0.1081524393549851,0.0
Kanamycin,eis_c.-13A>G,0.9386639280770872,Assoc w S - Interim,3) Uncertain significance,3) Uncertain significance,0.0,0.0,,
Kanamycin,eis_p.Val85Ala,0.9404297023625824,Assoc w S - Interim,3) Uncertain significance,3) Uncertain significance,0.0,0.0,,
Levofloxacin,gyrA_p.Ser95Thr,0.5026124194896839,Assoc w S,5) Not assoc w R,5) Not assoc w R,1.0,22.0,-0.3830874322104091,0.0
Levofloxacin,gyrA_p.Asp293Tyr,0.9147941596170516,Assoc w S,3) Uncertain significance,3) Uncertain significance,0.0,6.0,-0.0235712514722815,0.2842
Moxifloxacin,gyrA_p.Ser95Thr,0.5349390773137526,Assoc w S,5) Not assoc w R,5) Not assoc w R,0.0,17.0,-0.1784687727693083,0.0
Pyrazinamide,pncA_p.Val21Ala,0.9227225349889988,Assoc w S - Interim,4) Not assoc w R - Interim,4) Not assoc w R - Interim,0.0,5.0,,
Rifampicin,rpoB_c.-83A>G,0.9288320230861395,Assoc w S,3) Uncertain significance,3) Uncertain significance,0.0,21.0,-0.0271258315646914,0.5774468085106382
Rifampicin,rpoB_p.Asp594Ala,0.9594385584564074,Assoc w S - Interim,3) Uncertain significance,3) Uncertain significance,0.0,0.0,,
Streptomycin,rpsL_c.-165T>C,0.9012879834503914,Assoc w S,5) Not assoc w R,5) Not assoc w R,262.0,5678.0,-0.0600484215111736,0.4646304347826087
Streptomycin,Rv1258c_p.Ala237Val,0.9476898877302794,Assoc w S - Interim,3) Uncertain significance,3) Uncertain significance,0.0,3.0,,
Streptomycin,rrs_n.924C>T,0.9478985806307636,Assoc w S - Interim,3) Uncertain significance,3) Uncertain significance,0.0,0.0,,
